State,FIPS,CountyName,Population,CO2,Methane,SqMiles
AL,01001,Autauga,60,4635,66,594
AL,01003,Baldwin,254,,257,1590
AL,01005,Barbour,25,14,0.0065,885
AL,01007,Bibb,22,,,622
AL,01009,Blount,60,8,41,645
AL,01011,Bullock,10,,,623
AL,01013,Butler,18,,,777
AL,01015,Calhoun,116,111,0.0964,606
AL,01017,Chambers,34,88,0.0348,597
AL,01019,Cherokee,26,,,554
AL,01021,Chilton,46,8,3,693
AL,01023,Choctaw,12,349,114,913
AL,01025,Clarke,22,172,8,1238
AL,01027,Clay,14,,,604
AL,01029,Cleburne,16,,,560
AL,01031,Coffee,56,8,240,679
AL,01033,Colbert,58,633,0.2136,593
AL,01035,Conecuh,11,,,850
AL,01037,Coosa,10,69,4,651
AL,01039,Covington,38,1650,1,1031
AL,01041,Crenshaw,13,,,609
AL,01043,Cullman,92,81,81,735
AL,01045,Dale,50,,,561
AL,01047,Dallas,36,507,17,979
AL,01049,DeKalb,73,0.0042,57,777
AL,01051,Elmore,90,8,8,619
AL,01053,Escambia,37,627,193,945
AL,01055,Etowah,103,8,0.004,535
AL,01057,Fayette,16,0,7,628
AL,01059,Franklin,32,,,634
AL,01061,Geneva,27,,,574
AL,01063,Greene,7,463,0.2132,647
AL,01065,Hale,15,6,5,644
AL,01067,Henry,18,,,562
AL,01069,Houston,108,,136,580
AL,01071,Jackson,53,353,85,1078
AL,01073,Jefferson,663,22335,1664,1112
AL,01075,Lamar,14,217,0.0075,605
AL,01077,Lauderdale,97,20,0.0095,668
AL,01079,Lawrence,34,0.0143,137,691
AL,01081,Lee,183,4261,77,608
AL,01083,Limestone,115,,,563
AL,01085,Lowndes,10,381,0.177,716
AL,01087,Macon,18,,,609
AL,01089,Madison,413,93,2,802
AL,01091,Marengo,19,749,47,977
AL,01093,Marion,29,93,20,742
AL,01095,Marshall,101,34,0.0163,566
AL,01097,Mobile,412,11466,108,1229
AL,01099,Monroe,19,239,102,1026
AL,01101,Montgomery,225,28,132,785
AL,01103,Morgan,125,4052,173,580
AL,01105,Perry,8,,46,720
AL,01107,Pickens,19,17,6,881
AL,01109,Pike,33,198,47,672
AL,01111,Randolph,23,97,10,581
AL,01113,Russell,59,192,0.0678,641
AL,01115,St. Clair,96,845,57,632
AL,01117,Shelby,233,8041,162,785
AL,01119,Sumter,12,105,0.3108,904
AL,01121,Talladega,81,289,17,737
AL,01123,Tallapoosa,41,2090,231,717
AL,01125,Tuscaloosa,237,1219,3141,1321
AL,01127,Walker,65,543,54,791
AL,01129,Washington,15,1209,105,1080
AL,01131,Wilcox,10,176,20,888
AL,01133,Winston,24,,,613
AK,02013,Aleutians East Borough,3,46,0.0545,6986
AK,02016,Aleutians West Census Area,5,67,0.0683,4393
AK,02020,Anchorage,286,1698,336,1707
AK,02050,Bethel Census Area,18,,,40639
AK,02060,Bristol Bay Borough,1,,,482
AK,02063,Chugach Census Area,7,,,9530
AK,02066,Copper River Census Area,3,,,24692
AK,02068,Denali Borough,2,608,1,12641
AK,02070,Dillingham Census Area,5,,,18334
AK,02090,Fairbanks North Star Borough,95,1440,84,7335
AK,02100,Haines Borough,2,,,2344
AK,02105,Hoonah-Angoon Census Area,2,,,6560
AK,02110,Juneau,32,54,13,2704
AK,02122,Kenai Peninsula Borough,61,575,64,16018
AK,02130,Ketchikan Gateway Borough,14,,,4857
AK,02150,Kodiak Island Borough,13,,,6689
AK,02158,Kusilvak Census Area,8,,,17077
AK,02164,Lake and Peninsula Borough,1,8,0.0037,23832
AK,02170,Matanuska-Susitna Borough,115,1,32,24707
AK,02180,Nome Census Area,10,,,22970
AK,02185,North Slope Borough,11,12166,341,88824
AK,02188,Northwest Arctic Borough,7,148,0.1522,35663
AK,02195,Petersburg Borough,3,,,2901
AK,02198,Prince of Wales-Hyder Census Area,6,,,5268
AK,02220,Sitka,8,,,2870
AK,02230,Skagway,1,,,434
AK,02240,Southeast Fairbanks Census Area,7,9,0.009,24832
AK,02261,Valdez-Cordova Census Area,10,130,1,
AK,02275,Wrangell,2,,,2556
AK,02280,Petersburg Borough,7,,,
AK,02282,Yakutat,1,,,7625
AK,02290,Yukon-Koyukuk Census Area,5,,,145582
AZ,04001,Apache,65,12422,58,11198
AZ,04003,Cochise,125,1800,8,6210
AZ,04005,Coconino,144,245,154,18616
AZ,04007,Gila,54,0.4903,0.0003,4758
AZ,04009,Graham,40,13,0.006,4622
AZ,04011,Greenlee,9,31,0.0145,1843
AZ,04012,La Paz,17,61,49,4497
AZ,04013,Maricopa,4586,15015,500,9202
AZ,04015,Mohave,224,2673,89,13332
AZ,04017,Navajo,109,2282,106,9949
AZ,04019,Pima,1063,1299,139,9189
AZ,04021,Pinal,484,249,47,5367
AZ,04023,Santa Cruz,49,,,1236
AZ,04025,Yavapai,249,2045,75,8123
AZ,04027,Yuma,213,257,136,5514
AR,05001,Arkansas,16,40,0.19,992
AR,05003,Ashley,18,184,185,925
AR,05005,Baxter,43,0.002,72,554
AR,05007,Benton,311,2916,8,848
AR,05009,Boone,39,,,590
AR,05011,Bradley,10,,,649
AR,05013,Calhoun,5,42,0.2285,629
AR,05015,Carroll,29,31,0.0145,630
AR,05017,Chicot,10,,,637
AR,05019,Clark,21,64,0.3412,866
AR,05021,Clay,14,,,639
AR,05023,Cleburne,25,462,0.218,554
AR,05025,Cleveland,7,,,598
AR,05027,Columbia,22,95,0.0447,766
AR,05029,Conway,21,85,127,552
AR,05031,Craighead,114,69,0.0297,707
AR,05033,Crawford,62,,,595
AR,05035,Crittenden,47,0.0001,76,613
AR,05037,Cross,16,,,616
AR,05039,Dallas,6,,,667
AR,05041,Desha,10,173,47,741
AR,05043,Drew,17,,,829
AR,05045,Faulkner,130,95,97,647
AR,05047,Franklin,17,122,0.063,609
AR,05049,Fulton,12,,,618
AR,05051,Garland,100,8,0.004,678
AR,05053,Grant,18,,,632
AR,05055,Greene,47,,90,577
AR,05057,Hempstead,19,3163,9,727
AR,05059,Hot Spring,33,1604,2,615
AR,05061,Howard,13,,76,587
AR,05063,Independence,38,5050,13,764
AR,05065,Izard,14,,,580
AR,05067,Jackson,17,53,0.0132,634
AR,05069,Jefferson,64,8181,109,872
AR,05071,Johnson,26,,40,661
AR,05073,Lafayette,6,0.3718,31,529
AR,05075,Lawrence,16,,,588
AR,05077,Lee,8,,,600
AR,05079,Lincoln,13,,,559
AR,05081,Little River,12,1312,29,531
AR,05083,Logan,21,96,43,709
AR,05085,Lonoke,76,,,771
AR,05087,Madison,18,0.2093,174,834
AR,05089,Marion,18,,,597
AR,05091,Miller,42,77,0.0365,624
AR,05093,Mississippi,39,6350,105,902
AR,05095,Monroe,7,,,607
AR,05097,Montgomery,9,,,780
AR,05099,Nevada,8,,,618
AR,05101,Newton,7,,,821
AR,05103,Ouachita,22,18,0.0097,733
AR,05105,Perry,10,,,551
AR,05107,Phillips,15,0,,690
AR,05109,Pike,10,,,600
AR,05111,Poinsett,22,,,758
AR,05113,Polk,19,0.0006,1,857
AR,05115,Pope,65,37,0.0175,811
AR,05117,Prairie,8,,148,648
AR,05119,Pulaski,400,324,119,758
AR,05121,Randolph,19,9,6,652
AR,05123,St. Francis,22,0,,635
AR,05125,Saline,130,101,95,724
AR,05127,Scott,10,,,893
AR,05129,Searcy,8,,,666
AR,05131,Sebastian,129,95,80,531
AR,05133,Sevier,16,,,564
AR,05135,Sharp,18,0,123,605
AR,05137,Stone,13,,,606
AR,05139,Union,37,6170,79,1039
AR,05141,Van Buren,16,565,0.266,710
AR,05143,Washington,262,98,104,941
AR,05145,White,78,67,52,1034
AR,05147,Woodruff,6,0,0.003,586
AR,05149,Yell,20,4,54,930
CA,06001,Alameda,1622,439,191,737
CA,06003,Alpine,1,,,738
CA,06005,Amador,42,,,595
CA,06007,Butte,207,24,21,1636
CA,06009,Calaveras,47,,,1020
CA,06011,Colusa,22,1026,3,1151
CA,06013,Contra Costa,1155,18393,302,717
CA,06015,Del Norte,27,,,1006
CA,06017,El Dorado,192,,,1708
CA,06019,Fresno,1017,890,130,5958
CA,06021,Glenn,28,,,1314
CA,06023,Humboldt,134,257,13,3568
CA,06025,Imperial,179,654,27,4176
CA,06027,Inyo,19,,40,10197
CA,06029,Kern,914,15841,411,8135
CA,06031,Kings,153,146,55,1391
CA,06033,Lake,68,,11,1255
CA,06035,Lassen,29,,0.1735,4541
CA,06037,Los Angeles,9663,23688,2820,4060
CA,06039,Madera,163,163,71,2137
CA,06041,Marin,254,0.1023,86,520
CA,06043,Mariposa,17,,,1449
CA,06045,Mendocino,89,,23,3507
CA,06047,Merced,292,421,21,1938
CA,06049,Modoc,8,35,1,3948
CA,06051,Mono,13,,,3049
CA,06053,Monterey,431,2487,352,3282
CA,06055,Napa,133,,98,752
CA,06057,Nevada,102,,,958
CA,06059,Orange,3136,1676,940,793
CA,06061,Placer,424,236,38,1407
CA,06063,Plumas,19,,,2553
CA,06065,Riverside,2492,1300,345,7209
CA,06067,Sacramento,1584,2342,155,965
CA,06069,San Benito,68,,19,1389
CA,06071,San Bernardino,2196,9393,334,20068
CA,06073,San Diego,3270,2048,467,4210
CA,06075,San Francisco,809,54,279,47
CA,06077,San Joaquin,801,1140,93,1392
CA,06079,San Luis Obispo,282,217,34,3301
CA,06081,San Mateo,726,81,149,449
CA,06083,Santa Barbara,441,154,57,2734
CA,06085,Santa Clara,1878,1615,356,1291
CA,06087,Santa Cruz,262,29,26,445
CA,06089,Shasta,180,594,106,3776
CA,06091,Sierra,3,,,953
CA,06093,Siskiyou,43,,,6279
CA,06095,Solano,449,2785,145,822
CA,06097,Sonoma,482,,53,1575
CA,06099,Stanislaus,551,1461,49,1496
CA,06101,Sutter,98,924,0.424,603
CA,06103,Tehama,65,52,31,2949
CA,06105,Trinity,16,,,3179
CA,06107,Tulare,479,281,33,4824
CA,06109,Tuolumne,54,,,2221
CA,06111,Ventura,830,820,285,1841
CA,06113,Yolo,221,88,19,1013
CA,06115,Yuba,86,,89,632
CO,08001,Adams,533,2816,127,1167
CO,08003,Alamosa,17,,,723
CO,08005,Arapahoe,656,854,130,798
CO,08007,Archuleta,14,,,1350
CO,08009,Baca,3,,,2555
CO,08011,Bent,6,,,1513
CO,08013,Boulder,327,419,53,726
CO,08014,Broomfield,77,3,8,33
CO,08015,Chaffee,21,,,1013
CO,08017,Cheyenne,2,25,0.012,1778
CO,08019,Clear Creek,9,,,395
CO,08021,Conejos,8,,,1287
CO,08023,Costilla,4,,,1228
CO,08025,Crowley,6,,,787
CO,08027,Custer,6,,,739
CO,08029,Delta,32,,272,1142
CO,08031,Denver,717,16912,4845,153
CO,08033,Dolores,3,,,1067
CO,08035,Douglas,384,127,125,841
CO,08037,Eagle,54,66,58,1684
CO,08039,Elbert,29,,,1850
CO,08041,El Paso,744,2718,345,2126
CO,08043,Fremont,50,682,1,1534
CO,08045,Garfield,63,375,1441,2947
CO,08047,Gilpin,6,,,150
CO,08049,Grand,16,,,1846
CO,08051,Gunnison,17,10,244,3239
CO,08053,Hinsdale,1,,,1117
CO,08055,Huerfano,7,,,1591
CO,08057,Jackson,1,,,1614
CO,08059,Jefferson,576,939,103,764
CO,08061,Kiowa,1,10,2,1768
CO,08063,Kit Carson,7,,,2161
CO,08065,Lake,7,,,377
CO,08067,La Plata,56,1260,224,1690
CO,08069,Larimer,371,1783,201,2596
CO,08071,Las Animas,14,212,224,4773
CO,08073,Lincoln,5,80,0.0395,2578
CO,08075,Logan,21,81,2,1839
CO,08077,Mesa,160,14,100,3329
CO,08079,Mineral,1,,,876
CO,08081,Moffat,13,2,1,4743
CO,08083,Montezuma,27,1,0.0013,2029
CO,08085,Montrose,44,0.0942,47,2241
CO,08087,Morgan,30,3647,20,1280
CO,08089,Otero,18,,,1262
CO,08091,Ouray,5,,,541
CO,08093,Park,18,,,2194
CO,08095,Phillips,4,,,688
CO,08097,Pitkin,17,,,971
CO,08099,Prowers,12,0.0626,0,1638
CO,08101,Pueblo,169,9508,63,2387
CO,08103,Rio Blanco,7,899,21,3221
CO,08105,Rio Grande,11,,,912
CO,08107,Routt,25,2642,108,2362
CO,08109,Saguache,7,,,3169
CO,08111,San Juan,1,,,388
CO,08113,San Miguel,8,11,1,1287
CO,08115,Sedgwick,2,,,548
CO,08117,Summit,30,0.0022,43,608
CO,08119,Teller,25,,,557
CO,08121,Washington,5,,,2518
CO,08123,Weld,359,4203,266,3985
CO,08125,Yuma,10,50,0.0235,2364
CT,09001,Fairfield,960,2794,8,
CT,09003,Hartford,897,586,185,
CT,09005,Litchfield,185,149,0.0703,
CT,09007,Middlesex,165,1147,3,
CT,09009,New Haven,864,3482,104,
CT,09011,New London,269,410,6,
CT,09013,Tolland,150,96,0.0457,
CT,09015,Windham,116,2149,3,
CT,09110,Capitol Planning Region,975,,,1027
CT,09120,Greater Bridgeport Planning Region,328,,,140
CT,09130,Lower Connecticut River Valley Planning Region,176,,,424
CT,09140,Naugatuck Valley Planning Region,456,,,413
CT,09150,Northeastern Connecticut Planning Region,97,,,554
CT,09160,Northwest Hills Planning Region,113,,,787
CT,09170,South Central Connecticut Planning Region,568,,,367
CT,09180,Southeastern Connecticut Planning Region,280,,,598
CT,09190,Western Connecticut Planning Region,624,,,532
DE,10001,Kent,190,508,57,586
DE,10003,New Castle,579,4257,261,426
DE,10005,Sussex,264,378,83,936
DC,11001,District of Columbia,679,89,0.0415,61
FL,12001,Alachua,286,1998,4,876
FL,12003,Baker,28,,,585
FL,12005,Bay,191,2189,42,759
FL,12007,Bradford,28,37,9,294
FL,12009,Brevard,644,2263,577,1015
FL,12011,Broward,1963,2899,283,1203
FL,12013,Calhoun,13,,,567
FL,12015,Charlotte,206,0.0003,130,681
FL,12017,Citrus,167,9161,35,582
FL,12019,Clay,232,9,0.009,605
FL,12021,Collier,404,0.0112,29,1997
FL,12023,Columbia,73,,52,797
FL,12027,DeSoto,36,0,0.0025,637
FL,12029,Dixie,17,,,705
FL,12031,Duval,1031,5658,94,763
FL,12033,Escambia,327,2630,239,657
FL,12035,Flagler,131,,,486
FL,12037,Franklin,13,,,545
FL,12039,Gadsden,44,81,14,516
FL,12041,Gilchrist,20,24,9,350
FL,12043,Glades,13,,,807
FL,12045,Gulf,16,,,553
FL,12047,Hamilton,13,75,0.0107,514
FL,12049,Hardee,26,2656,1,638
FL,12051,Hendry,43,11,107,1156
FL,12053,Hernando,213,782,140,473
FL,12055,Highlands,108,,,1018
FL,12057,Hillsborough,1536,6744,239,1022
FL,12059,Holmes,20,,,479
FL,12061,Indian River,170,,16,503
FL,12063,Jackson,49,0.0069,105,918
FL,12065,Jefferson,15,,,598
FL,12067,Lafayette,8,,,543
FL,12069,Lake,424,80,40,952
FL,12071,Lee,835,3965,14,781
FL,12073,Leon,297,618,71,668
FL,12075,Levy,47,,,1118
FL,12077,Liberty,8,41,0.21,836
FL,12079,Madison,19,,55,697
FL,12081,Manatee,441,3812,58,743
FL,12083,Marion,410,29,154,1588
FL,12085,Martin,163,3749,2,544
FL,12086,Miami-Dade,2687,4183,334,1900
FL,12087,Monroe,81,,,983
FL,12089,Nassau,102,608,71,649
FL,12091,Okaloosa,218,0.0295,24,930
FL,12093,Okeechobee,41,2983,1,769
FL,12095,Orange,1471,6480,146,903
FL,12097,Osceola,438,1726,140,1328
FL,12099,Palm Beach,1534,9597,605,1964
FL,12101,Pasco,633,1559,15,747
FL,12103,Pinellas,962,2270,285,274
FL,12105,Polk,818,10129,805,1798
FL,12107,Putnam,76,525,117,728
FL,12109,St. Johns,320,24,0.0112,601
FL,12111,St. Lucie,374,758,58,572
FL,12113,Santa Rosa,203,677,227,1012
FL,12115,Sarasota,469,0.0172,152,556
FL,12117,Seminole,484,6106,319,309
FL,12119,Sumter,152,527,255,557
FL,12121,Suwannee,46,613,2,689
FL,12123,Taylor,22,351,86,1043
FL,12125,Union,16,,95,244
FL,12127,Volusia,590,3507,338,1101
FL,12129,Wakulla,36,478,0.2218,606
FL,12131,Walton,86,,,1038
FL,12133,Washington,26,30,9,585
GA,13001,Appling,18,,,508
GA,13003,Atkinson,8,,49,343
GA,13005,Bacon,11,7,0.0035,284
GA,13007,Baker,3,,,342
GA,13009,Baldwin,43,11,7,259
GA,13011,Banks,20,0.0969,68,233
GA,13013,Barrow,93,,48,161
GA,13015,Bartow,115,9531,28,459
GA,13017,Ben Hill,17,,,250
GA,13019,Berrien,19,,,453
GA,13021,Bibb,157,233,75,249
GA,13023,Bleckley,12,,,216
GA,13025,Brantley,18,,,443
GA,13027,Brooks,16,,,493
GA,13029,Bryan,50,,,438
GA,13031,Bulloch,84,,,676
GA,13033,Burke,24,,,827
GA,13035,Butts,27,,,184
GA,13037,Calhoun,5,,,280
GA,13039,Camden,58,,95,630
GA,13043,Candler,11,,,243
GA,13045,Carroll,127,32,2,499
GA,13047,Catoosa,69,,17,162
GA,13049,Charlton,13,0.0405,51,780
GA,13051,Chatham,304,890,210,433
GA,13053,Chattahoochee,9,20,41,249
GA,13055,Chattooga,25,54,0.0413,313
GA,13057,Cherokee,287,19,102,421
GA,13059,Clarke,130,90,62,119
GA,13061,Clay,3,,,195
GA,13063,Clayton,298,0.0004,43,142
GA,13065,Clinch,7,,,815
GA,13067,Cobb,777,6690,3,340
GA,13069,Coffee,43,,,592
GA,13071,Colquitt,46,,,547
GA,13073,Columbia,165,1429,26,290
GA,13075,Cook,18,,,228
GA,13077,Coweta,156,22,0.0105,441
GA,13079,Crawford,12,,,325
GA,13081,Crisp,20,,52,273
GA,13083,Dade,16,,,174
GA,13085,Dawson,32,,,211
GA,13087,Decatur,29,98,70,597
GA,13089,DeKalb,763,49,328,268
GA,13091,Dodge,20,,,496
GA,13093,Dooly,11,,,393
GA,13095,Dougherty,83,240,103,329
GA,13097,Douglas,149,,,200
GA,13099,Early,11,,,513
GA,13101,Echols,4,,,420
GA,13103,Effingham,72,4783,8,479
GA,13105,Elbert,20,,,351
GA,13107,Emanuel,23,,,681
GA,13109,Evans,11,,,183
GA,13111,Fannin,26,,,387
GA,13113,Fayette,123,,8,195
GA,13115,Floyd,100,266,127,510
GA,13117,Forsyth,273,68,774,225
GA,13119,Franklin,25,,,261
GA,13121,Fulton,1079,113,230,527
GA,13123,Gilmer,33,,,426
GA,13125,Glascock,3,,,144
GA,13127,Glynn,86,353,78,420
GA,13129,Gordon,60,0,203,356
GA,13131,Grady,26,,,454
GA,13133,Greene,21,36,0.0168,388
GA,13135,Gwinnett,984,0.3044,109,431
GA,13137,Habersham,49,,33,277
GA,13139,Hall,217,46,88,393
GA,13141,Hancock,9,,,471
GA,13143,Haralson,32,,,282
GA,13145,Harris,37,8,8,464
GA,13147,Hart,28,261,1,232
GA,13149,Heard,12,6819,6,296
GA,13151,Henry,255,58,8,319
GA,13153,Houston,172,228,60,376
GA,13155,Irwin,9,,,354
GA,13157,Jackson,89,130,0.0605,340
GA,13159,Jasper,16,19,0.0092,368
GA,13161,Jeff Davis,15,,,331
GA,13163,Jefferson,15,130,15,527
GA,13165,Jenkins,9,12,0.0055,347
GA,13167,Johnson,9,,,303
GA,13169,Jones,29,18,0.3295,394
GA,13171,Lamar,20,,59,184
GA,13173,Lanier,10,,,197
GA,13175,Laurens,50,106,77,807
GA,13177,Lee,34,,,356
GA,13179,Liberty,69,130,47,516
GA,13181,Lincoln,8,,,210
GA,13183,Long,20,,,400
GA,13185,Lowndes,121,125,169,497
GA,13187,Lumpkin,35,,,283
GA,13189,McDuffie,22,,,257
GA,13191,McIntosh,12,,,431
GA,13193,Macon,12,80,24,401
GA,13195,Madison,32,46,9,282
GA,13197,Marion,7,,,366
GA,13199,Meriwether,21,,80,501
GA,13201,Miller,6,,,282
GA,13205,Mitchell,21,140,0.065,512
GA,13207,Monroe,31,9455,27,396
GA,13209,Montgomery,9,,,241
GA,13211,Morgan,21,,,347
GA,13213,Murray,41,3188,52,344
GA,13215,Muscogee,202,0.0146,131,216
GA,13217,Newton,120,27,63,274
GA,13219,Oconee,44,,,184
GA,13221,Oglethorpe,16,,,439
GA,13223,Paulding,183,,,312
GA,13225,Peach,29,,,150
GA,13227,Pickens,36,,,232
GA,13229,Pierce,20,,,340
GA,13231,Pike,20,,,216
GA,13233,Polk,44,228,104,310
GA,13235,Pulaski,10,31,0.014,249
GA,13237,Putnam,23,803,2,345
GA,13239,Quitman,2,,,151
GA,13241,Rabun,17,,,370
GA,13243,Randolph,6,81,19,428
GA,13245,Richmond,205,318,345,324
GA,13247,Rockdale,96,77,0.2878,130
GA,13249,Schley,5,,,167
GA,13251,Screven,14,38,0.0177,646
GA,13253,Seminole,9,,,238
GA,13255,Spalding,70,,108,196
GA,13257,Stephens,27,,,179
GA,13259,Stewart,5,,,459
GA,13261,Sumter,29,142,0.3382,483
GA,13263,Talbot,6,187,0.0877,391
GA,13265,Taliaferro,2,,,195
GA,13267,Tattnall,24,,,481
GA,13269,Taylor,8,0,420,377
GA,13271,Telfair,11,,,437
GA,13273,Terrell,9,,,336
GA,13275,Thomas,46,0.0531,100,545
GA,13277,Tift,42,,59,261
GA,13279,Toombs,27,,,364
GA,13281,Towns,13,,,166
GA,13283,Treutlen,6,,,199
GA,13285,Troup,71,21,10,414
GA,13287,Turner,9,,,285
GA,13289,Twiggs,8,26,42,359
GA,13291,Union,27,,,322
GA,13293,Upson,28,178,4,323
GA,13295,Walker,69,,,446
GA,13297,Walton,107,280,0.1298,327
GA,13299,Ware,36,,,899
GA,13301,Warren,5,,,284
GA,13303,Washington,20,369,0.173,679
GA,13305,Wayne,31,229,69,642
GA,13307,Webster,2,,,210
GA,13309,Wheeler,7,,,295
GA,13311,White,29,,,241
GA,13313,Whitfield,104,109,149,290
GA,13315,Wilcox,9,,,378
GA,13317,Wilkes,10,,,470
GA,13319,Wilkinson,9,262,0.1232,449
GA,13321,Worth,20,,,571
HI,15001,Hawaii,208,546,93,4028
HI,15003,Honolulu,989,5401,91,601
HI,15005,Kalawao,0.081,,,12
HI,15007,Kauai,74,119,25,620
HI,15009,Maui,164,608,1,1162
ID,16001,Ada,525,25,139,1052
ID,16003,Adams,5,,,1363
ID,16005,Bannock,90,127,27,1112
ID,16007,Bear Lake,7,8,1,976
ID,16009,Benewah,10,,,777
ID,16011,Bingham,50,90,0.0425,2094
ID,16013,Blaine,25,,,2638
ID,16015,Boise,9,,,1900
ID,16017,Bonner,53,186,4,1733
ID,16019,Bonneville,131,44,0.0208,1866
ID,16021,Boundary,14,,,1269
ID,16023,Butte,3,,,2236
ID,16025,Camas,1,,,1074
ID,16027,Canyon,258,212,262,587
ID,16029,Caribou,7,608,0.2288,1764
ID,16031,Cassia,26,87,30,2566
ID,16033,Clark,1,,,1763
ID,16035,Clearwater,9,,,2457
ID,16037,Custer,5,,,4922
ID,16039,Elmore,30,498,0.2308,3075
ID,16041,Franklin,15,,,663
ID,16043,Fremont,14,,,1864
ID,16045,Gem,21,,,560
ID,16047,Gooding,16,,,729
ID,16049,Idaho,18,,,8478
ID,16051,Jefferson,34,0,17,1094
ID,16053,Jerome,25,61,0.036,598
ID,16055,Kootenai,185,861,42,1238
ID,16057,Latah,41,,,1076
ID,16059,Lemhi,8,,,4564
ID,16061,Lewis,4,,,479
ID,16063,Lincoln,5,,,1201
ID,16065,Madison,55,57,0.0267,469
ID,16067,Minidoka,22,274,10,757
ID,16069,Nez Perce,43,280,22,848
ID,16071,Oneida,5,,,1199
ID,16073,Owyhee,13,,,7668
ID,16075,Payette,27,721,0.3345,407
ID,16077,Power,8,53,16,1404
ID,16079,Shoshone,14,,,2637
ID,16081,Teton,13,,,449
ID,16083,Twin Falls,95,333,5,1922
ID,16085,Valley,13,,,3665
ID,16087,Washington,11,,,1453
IL,17001,Adams,64,96,0.045,855
IL,17003,Alexander,5,51,1,235
IL,17005,Bond,16,0.001,1,380
IL,17007,Boone,53,41,0.0192,281
IL,17009,Brown,6,,,306
IL,17011,Bureau,33,,,869
IL,17013,Calhoun,4,,,254
IL,17015,Carroll,16,,,445
IL,17017,Cass,13,33,1,376
IL,17019,Champaign,206,236,12,996
IL,17021,Christian,33,3873,33,709
IL,17023,Clark,15,,,501
IL,17025,Clay,13,15,0.0067,468
IL,17027,Clinton,37,22,7,474
IL,17029,Coles,46,,1,508
IL,17031,Cook,5087,1782,206,945
IL,17033,Crawford,18,1788,11,444
IL,17035,Cumberland,10,,,346
IL,17037,DeKalb,100,1,107,631
IL,17039,De Witt,15,0.0355,88,398
IL,17041,Douglas,20,9,14,417
IL,17043,DuPage,921,548,163,328
IL,17045,Edgar,16,,,623
IL,17047,Edwards,6,,,222
IL,17049,Effingham,34,,83,479
IL,17051,Fayette,21,16,8,716
IL,17053,Ford,13,330,0.155,486
IL,17055,Franklin,37,0.0014,466,409
IL,17057,Fulton,33,2206,6,866
IL,17059,Gallatin,5,,,323
IL,17061,Greene,12,,,543
IL,17063,Grundy,54,1101,49,418
IL,17065,Hamilton,8,,522,435
IL,17067,Hancock,17,,,794
IL,17069,Hardin,4,,,177
IL,17071,Henderson,6,,,379
IL,17073,Henry,48,370,4,823
IL,17075,Iroquois,26,60,0.028,1117
IL,17077,Jackson,52,97,51,584
IL,17079,Jasper,9,3663,11,495
IL,17081,Jefferson,36,66,0.031,571
IL,17083,Jersey,21,,,370
IL,17085,Jo Daviess,22,714,0.1308,601
IL,17087,Johnson,13,,,344
IL,17089,Kane,515,90,12,519
IL,17091,Kankakee,106,219,14,676
IL,17093,Kendall,140,2476,4,320
IL,17095,Knox,48,0.0142,80,716
IL,17097,Lake,709,2929,129,444
IL,17099,LaSalle,108,1148,25,1135
IL,17101,Lawrence,15,0.0531,81,372
IL,17103,Lee,34,1097,88,725
IL,17105,Livingston,35,46,132,1044
IL,17107,Logan,28,2,40,618
IL,17109,McDonough,27,24,6,589
IL,17111,McHenry,313,58,2,603
IL,17113,McLean,170,0.0158,3,1183
IL,17115,Macon,101,5023,64,581
IL,17117,Macoupin,44,,29,863
IL,17119,Madison,263,6643,258,716
IL,17121,Marion,37,13,0.0063,573
IL,17123,Marshall,12,45,0.0658,387
IL,17125,Mason,13,1677,5,539
IL,17127,Massac,14,5398,15,237
IL,17129,Menard,12,,,314
IL,17131,Mercer,15,2,1,561
IL,17133,Monroe,35,,,385
IL,17135,Montgomery,28,0.0183,44,704
IL,17137,Morgan,32,0,3,569
IL,17139,Moultrie,14,,,336
IL,17141,Ogle,51,189,215,759
IL,17143,Peoria,178,3254,262,619
IL,17145,Perry,21,66,156,442
IL,17147,Piatt,17,46,13,439
IL,17149,Pike,14,3,24,831
IL,17151,Pope,4,,,369
IL,17153,Pulaski,5,362,5,199
IL,17155,Putnam,6,647,0.2572,160
IL,17157,Randolph,30,6765,64,575
IL,17159,Richland,15,0.0018,1,360
IL,17161,Rock Island,141,889,160,428
IL,17163,St. Clair,251,64,188,658
IL,17165,Saline,23,0,53,380
IL,17167,Sangamon,193,1296,29,868
IL,17169,Schuyler,7,,,437
IL,17171,Scott,5,32,0.0143,251
IL,17173,Shelby,21,866,0.402,759
IL,17175,Stark,5,,,288
IL,17177,Stephenson,43,123,0.0578,564
IL,17179,Tazewell,130,3720,60,646
IL,17181,Union,17,,,413
IL,17183,Vermilion,72,162,75,898
IL,17185,Wabash,11,,,223
IL,17187,Warren,16,3,0.0015,542
IL,17189,Washington,14,12331,102,563
IL,17191,Wayne,16,2,40,714
IL,17193,White,13,0,169,495
IL,17195,Whiteside,54,147,113,684
IL,17197,Will,701,7312,170,836
IL,17199,Williamson,67,991,429,420
IL,17201,Winnebago,281,298,304,513
IL,17203,Woodford,38,,,528
IN,18001,Adams,36,72,0.034,339
IN,18003,Allen,395,122,120,657
IN,18005,Bartholomew,84,23,93,407
IN,18007,Benton,9,6,2,406
IN,18009,Blackford,12,,,165
IN,18011,Boone,76,,,423
IN,18013,Brown,16,,,312
IN,18015,Carroll,21,,,372
IN,18017,Cass,38,677,130,412
IN,18019,Clark,125,553,32,372
IN,18021,Clay,26,,23,358
IN,18023,Clinton,33,99,55,405
IN,18025,Crawford,10,,,306
IN,18027,Daviess,34,241,35,430
IN,18029,Dearborn,51,3293,2,305
IN,18031,Decatur,26,24,28,373
IN,18033,DeKalb,44,947,0.1062,363
IN,18035,Delaware,112,72,0.0295,392
IN,18037,Dubois,44,46,29,427
IN,18039,Elkhart,206,0.335,57,463
IN,18041,Fayette,23,,,215
IN,18043,Floyd,81,,,148
IN,18045,Fountain,17,,,396
IN,18047,Franklin,23,,,384
IN,18049,Fulton,20,,,368
IN,18051,Gibson,33,8974,826,487
IN,18053,Grant,66,134,0.0633,414
IN,18055,Greene,31,109,39,542
IN,18057,Hamilton,372,518,0.24,394
IN,18059,Hancock,86,24,0.0112,306
IN,18061,Harrison,40,,,484
IN,18063,Hendricks,186,193,90,407
IN,18065,Henry,49,97,79,392
IN,18067,Howard,84,65,0.0307,293
IN,18069,Huntington,37,19,0.0462,383
IN,18071,Jackson,46,174,69,510
IN,18073,Jasper,34,4730,13,560
IN,18075,Jay,20,242,31,384
IN,18077,Jefferson,33,5158,15,361
IN,18079,Jennings,28,,,377
IN,18081,Johnson,168,,,320
IN,18083,Knox,36,136,1348,516
IN,18085,Kosciusko,80,94,36,531
IN,18087,LaGrange,41,,,380
IN,18089,Lake,501,27804,777,499
IN,18091,LaPorte,112,1491,10,598
IN,18093,Lawrence,45,729,24,449
IN,18095,Madison,133,258,0.1098,452
IN,18097,Marion,968,1963,126,396
IN,18099,Marshall,46,0.0864,89,444
IN,18101,Martin,10,114,0.054,336
IN,18103,Miami,35,1,0.0025,374
IN,18105,Monroe,139,93,20,395
IN,18107,Montgomery,39,527,0.411,505
IN,18109,Morgan,73,544,0.2522,404
IN,18111,Newton,14,0.1692,124,402
IN,18113,Noble,47,,,411
IN,18115,Ohio,6,,,86
IN,18117,Orange,20,,,398
IN,18119,Owen,22,,,385
IN,18121,Parke,16,0.1029,6,445
IN,18123,Perry,19,198,0.4253,382
IN,18125,Pike,12,8325,39,334
IN,18127,Porter,175,8108,1,418
IN,18129,Posey,25,4153,10,409
IN,18131,Pulaski,12,,,434
IN,18133,Putnam,38,859,2,481
IN,18135,Randolph,24,289,28,452
IN,18137,Ripley,29,0.0005,0.3837,446
IN,18139,Rush,17,,,408
IN,18141,St. Joseph,273,1992,40,458
IN,18143,Scott,25,31,0.0145,190
IN,18145,Shelby,45,173,202,411
IN,18147,Spencer,20,5211,15,397
IN,18149,Starke,23,2,3,309
IN,18151,Steuben,35,,,309
IN,18153,Sullivan,21,5397,1,447
IN,18155,Switzerland,10,,,221
IN,18157,Tippecanoe,189,929,1,499
IN,18159,Tipton,15,,,261
IN,18161,Union,7,,,161
IN,18163,Vanderburgh,180,0.1664,153,233
IN,18165,Vermillion,15,244,22,257
IN,18167,Vigo,106,1182,185,404
IN,18169,Wabash,31,255,79,413
IN,18171,Warren,9,,,365
IN,18173,Warrick,66,2418,7,385
IN,18175,Washington,28,,,514
IN,18177,Wayne,66,37,48,402
IN,18179,Wells,29,346,0.1615,368
IN,18181,White,25,0.2376,122,505
IN,18183,Whitley,35,352,0.0752,336
IA,19001,Adair,7,,,569
IA,19003,Adams,4,110,0.0517,423
IA,19005,Allamakee,14,697,0.1865,639
IA,19007,Appanoose,12,,,497
IA,19009,Audubon,6,74,0.0403,443
IA,19011,Benton,26,,,716
IA,19013,Black Hawk,130,135,173,566
IA,19015,Boone,27,40,49,570
IA,19017,Bremer,25,,,435
IA,19019,Buchanan,21,184,0.0867,571
IA,19021,Buena Vista,21,189,0.0887,575
IA,19023,Butler,14,174,0.082,580
IA,19025,Calhoun,10,,,570
IA,19027,Carroll,21,22,41,569
IA,19029,Cass,13,195,0.092,564
IA,19031,Cedar,18,,,579
IA,19033,Cerro Gordo,42,1503,74,568
IA,19035,Cherokee,12,190,0.0897,577
IA,19037,Chickasaw,12,269,0.1265,504
IA,19039,Clarke,10,,,431
IA,19041,Clay,17,12,0.0107,567
IA,19043,Clayton,17,,,778
IA,19045,Clinton,46,2715,46,695
IA,19047,Crawford,16,120,28,714
IA,19049,Dallas,111,57,34,588
IA,19051,Davis,9,,,502
IA,19053,Decatur,8,,,532
IA,19055,Delaware,18,252,0.1903,578
IA,19057,Des Moines,38,1402,62,416
IA,19059,Dickinson,18,69,28,381
IA,19061,Dubuque,99,0.0368,14,608
IA,19063,Emmet,9,,,396
IA,19065,Fayette,19,,9,731
IA,19067,Floyd,15,199,0.0938,501
IA,19069,Franklin,10,,,582
IA,19071,Fremont,6,96,0.0452,511
IA,19073,Greene,9,157,0.074,570
IA,19075,Grundy,12,,,502
IA,19077,Guthrie,11,252,0.1187,591
IA,19079,Hamilton,15,113,0.0532,577
IA,19081,Hancock,11,4,2,571
IA,19083,Hardin,16,316,0.149,569
IA,19085,Harrison,15,,,697
IA,19087,Henry,20,,,434
IA,19089,Howard,9,,,473
IA,19091,Humboldt,10,,,434
IA,19093,Ida,7,217,0.102,432
IA,19095,Iowa,16,,,586
IA,19097,Jackson,19,,,636
IA,19099,Jasper,38,,,730
IA,19101,Jefferson,15,23,4,436
IA,19103,Johnson,158,151,26,613
IA,19105,Jones,21,,,576
IA,19107,Keokuk,10,27,9,579
IA,19109,Kossuth,14,81,0.0385,973
IA,19111,Lee,33,1865,52,518
IA,19113,Linn,229,3659,147,717
IA,19115,Louisa,11,4119,57,402
IA,19117,Lucas,9,,,431
IA,19119,Lyon,12,,,588
IA,19121,Madison,17,,28,561
IA,19123,Mahaska,22,386,0.1817,571
IA,19125,Marion,34,1,45,554
IA,19127,Marshall,40,875,32,572
IA,19129,Mills,15,141,104,437
IA,19131,Mitchell,11,147,0.1825,469
IA,19133,Monona,8,,,694
IA,19135,Monroe,8,113,0.0532,434
IA,19137,Montgomery,10,,,424
IA,19139,Muscatine,42,2289,48,437
IA,19141,O'Brien,14,215,0.1015,573
IA,19143,Osceola,6,94,0.0445,399
IA,19145,Page,15,,,535
IA,19147,Palo Alto,9,114,0.0537,564
IA,19149,Plymouth,26,23,0.011,863
IA,19151,Pocahontas,7,,,577
IA,19153,Polk,505,786,142,572
IA,19155,Pottawattamie,93,6566,22,951
IA,19157,Poweshiek,18,,,585
IA,19159,Ringgold,5,,,535
IA,19161,Sac,10,,,575
IA,19163,Scott,174,1437,11,458
IA,19165,Shelby,12,,,591
IA,19167,Sioux,36,57,58,768
IA,19169,Story,99,538,1,573
IA,19171,Tama,17,20,0.0095,721
IA,19173,Taylor,6,,,532
IA,19175,Union,12,65,0.0013,424
IA,19177,Van Buren,7,,,485
IA,19179,Wapello,35,4489,42,432
IA,19181,Warren,55,5,5,570
IA,19183,Washington,23,,,569
IA,19185,Wayne,7,5,2,525
IA,19187,Webster,36,1276,51,716
IA,19189,Winnebago,11,1,16,400
IA,19191,Winneshiek,20,,36,690
IA,19193,Woodbury,106,5562,10,873
IA,19195,Worth,7,101,0.0478,400
IA,19197,Wright,13,169,0.0795,580
KS,20001,Allen,12,894,68,500
KS,20003,Anderson,8,54,0.0253,580
KS,20005,Atchison,16,114,0.1588,431
KS,20007,Barber,4,51,0.024,1134
KS,20009,Barton,25,0.02,37,895
KS,20011,Bourbon,14,,,635
KS,20013,Brown,9,,,571
KS,20015,Butler,69,1806,58,1430
KS,20017,Chase,3,,,773
KS,20019,Chautauqua,3,,,639
KS,20021,Cherokee,19,520,0.241,588
KS,20023,Cheyenne,3,,,1020
KS,20025,Clark,2,,,975
KS,20027,Clay,8,18,8,645
KS,20029,Cloud,9,23,6,715
KS,20031,Coffey,8,,,627
KS,20033,Comanche,2,,,788
KS,20035,Cowley,34,1,0.0005,1126
KS,20037,Crawford,39,0.0152,62,590
KS,20039,Decatur,3,,,894
KS,20041,Dickinson,18,21,5,847
KS,20043,Doniphan,7,,,393
KS,20045,Douglas,121,1978,108,456
KS,20047,Edwards,3,,,622
KS,20049,Elk,2,,,644
KS,20051,Ellis,29,43,0.0203,900
KS,20053,Ellsworth,6,2,1,716
KS,20055,Finney,37,1735,40,1302
KS,20057,Ford,34,708,20,1098
KS,20059,Franklin,26,,,572
KS,20061,Geary,35,,,385
KS,20063,Gove,3,39,0.0185,1072
KS,20065,Graham,2,,,899
KS,20067,Grant,7,119,0.0053,575
KS,20069,Gray,6,,,869
KS,20071,Greeley,1,,,778
KS,20073,Greenwood,6,,,1143
KS,20075,Hamilton,2,,,997
KS,20077,Harper,5,0.0181,101,801
KS,20079,Harvey,34,6,5,540
KS,20081,Haskell,4,,,578
KS,20083,Hodgeman,2,,,860
KS,20085,Jackson,13,,,656
KS,20087,Jefferson,18,,,533
KS,20089,Jewell,3,,,910
KS,20091,Johnson,622,147,227,474
KS,20093,Kearny,4,,,871
KS,20095,Kingman,7,11,21,863
KS,20097,Kiowa,2,44,9,723
KS,20099,Labette,20,0,0.001,645
KS,20101,Lane,2,,,717
KS,20103,Leavenworth,84,,,463
KS,20105,Lincoln,3,,,719
KS,20107,Linn,10,6372,2,594
KS,20109,Logan,3,,,1073
KS,20111,Lyon,32,246,8,847
KS,20113,McPherson,30,1351,7,898
KS,20115,Marion,12,,,944
KS,20117,Marshall,10,,,900
KS,20119,Meade,4,5,2,978
KS,20121,Miami,35,14,18,576
KS,20123,Mitchell,6,,,702
KS,20125,Montgomery,31,2405,47,644
KS,20127,Morris,5,,,695
KS,20129,Morton,3,,,730
KS,20131,Nemaha,10,,,717
KS,20133,Neosho,15,1458,3,571
KS,20135,Ness,3,,,1075
KS,20137,Norton,5,,,878
KS,20139,Osage,16,,,706
KS,20141,Osborne,3,,,893
KS,20143,Ottawa,6,1,3,721
KS,20145,Pawnee,6,4,4,754
KS,20147,Phillips,5,47,0.022,886
KS,20149,Pottawatomie,26,8715,4,841
KS,20151,Pratt,9,52,0.0248,735
KS,20153,Rawlins,2,,,1069
KS,20155,Reno,61,297,238,1255
KS,20157,Republic,5,,,717
KS,20159,Rice,9,537,16,726
KS,20161,Riley,71,58,0.0278,610
KS,20163,Rooks,5,,,891
KS,20165,Rush,3,,,718
KS,20167,Russell,7,50,0.4848,886
KS,20169,Saline,53,24,0.01,720
KS,20171,Scott,5,,,718
KS,20173,Sedgwick,528,453,197,997
KS,20175,Seward,21,278,65,640
KS,20177,Shawnee,178,88,60,544
KS,20179,Sheridan,2,,,896
KS,20181,Sherman,6,,,1056
KS,20183,Smith,4,,,895
KS,20185,Stafford,4,,,792
KS,20187,Stanton,2,,,680
KS,20189,Stevens,5,21,8,727
KS,20191,Sumner,22,,,1182
KS,20193,Thomas,8,,,1075
KS,20195,Trego,3,,,889
KS,20197,Wabaunsee,7,,,794
KS,20199,Wallace,2,,,914
KS,20201,Washington,6,4,0.0018,895
KS,20203,Wichita,2,,,719
KS,20205,Wilson,8,84,0.0455,570
KS,20207,Woodson,3,,,498
KS,20209,Wyandotte,165,1682,10,152
KY,21001,Adair,19,,,405
KY,21003,Allen,22,,,344
KY,21005,Anderson,25,,,202
KY,21007,Ballard,8,234,33,247
KY,21009,Barren,45,,138,487
KY,21011,Bath,13,105,1,278
KY,21013,Bell,23,,,359
KY,21015,Boone,140,0.0931,46,246
KY,21017,Bourbon,20,,,290
KY,21019,Boyd,48,2363,399,160
KY,21021,Boyle,31,120,8,180
KY,21023,Bracken,8,,,203
KY,21025,Breathitt,13,,,492
KY,21027,Breckinridge,21,19,10,570
KY,21029,Bullitt,85,75,0.1507,297
KY,21031,Butler,12,33,15,426
KY,21033,Caldwell,13,,,345
KY,21035,Calloway,38,0.0017,1,385
KY,21037,Campbell,94,155,0.073,151
KY,21039,Carlisle,5,,,189
KY,21041,Carroll,11,10896,31,129
KY,21043,Carter,26,122,5,410
KY,21045,Casey,16,123,6,444
KY,21047,Christian,72,112,0.0527,718
KY,21049,Clark,37,379,0.1767,252
KY,21051,Clay,20,,,469
KY,21053,Clinton,9,,,197
KY,21055,Crittenden,9,,,360
KY,21057,Cumberland,6,,,305
KY,21059,Daviess,103,108,206,458
KY,21061,Edmonson,12,,,303
KY,21063,Elliott,7,,,234
KY,21065,Estill,14,0.238,11,253
KY,21067,Fayette,320,75,55,284
KY,21069,Fleming,15,,,349
KY,21071,Floyd,34,10,0.4615,393
KY,21073,Franklin,52,56,35,208
KY,21075,Fulton,6,,,206
KY,21077,Gallatin,9,515,0.3425,98
KY,21079,Garrard,18,98,1,230
KY,21081,Grant,26,0.0072,12,258
KY,21083,Graves,36,0.0224,106,552
KY,21085,Grayson,27,,,500
KY,21087,Green,11,,,286
KY,21089,Greenup,35,94,9,344
KY,21091,Hancock,9,730,8,188
KY,21093,Hardin,112,38,112,624
KY,21095,Harlan,25,,14,466
KY,21097,Harrison,19,,,306
KY,21099,Hart,20,27,0.0125,413
KY,21101,Henderson,44,580,0.109,436
KY,21103,Henry,16,0.0057,30,286
KY,21105,Hickman,4,,,242
KY,21107,Hopkins,45,,244,542
KY,21109,Jackson,13,,,345
KY,21111,Jefferson,772,10676,106,381
KY,21113,Jessamine,55,,,172
KY,21115,Johnson,22,,,262
KY,21117,Kenton,171,15,0.007,160
KY,21119,Knott,14,,68,352
KY,21121,Knox,30,,112,386
KY,21123,LaRue,15,,,261
KY,21125,Laurel,63,,45,434
KY,21127,Lawrence,16,657,0.3048,416
KY,21129,Lee,7,,,209
KY,21131,Leslie,10,,18,401
KY,21133,Letcher,20,,,338
KY,21135,Lewis,13,,,483
KY,21137,Lincoln,25,0.0171,20,333
KY,21139,Livingston,9,,,313
KY,21141,Logan,28,230,11,552
KY,21143,Lyon,9,,,214
KY,21145,McCracken,67,6803,20,249
KY,21147,McCreary,17,,,427
KY,21149,McLean,9,3224,9,253
KY,21151,Madison,97,138,0.0537,438
KY,21153,Magoffin,11,,,308
KY,21155,Marion,20,,,344
KY,21157,Marshall,32,1053,13,302
KY,21159,Martin,11,,11,230
KY,21161,Mason,17,7896,79,240
KY,21163,Meade,30,60,0.0283,305
KY,21165,Menifee,6,,,204
KY,21167,Mercer,23,1218,3,249
KY,21169,Metcalfe,10,99,0.2985,290
KY,21171,Monroe,11,,,329
KY,21173,Montgomery,29,0.0275,229,197
KY,21175,Morgan,14,,,381
KY,21177,Muhlenberg,31,2487,179,467
KY,21179,Nelson,48,56,75,419
KY,21181,Nicholas,8,,,195
KY,21183,Ohio,24,0.0039,42,587
KY,21185,Oldham,70,112,0.0517,187
KY,21187,Owen,11,,,350
KY,21189,Owsley,4,,,197
KY,21191,Pendleton,15,1134,46,277
KY,21193,Perry,27,,24,340
KY,21195,Pike,56,2,47,786
KY,21197,Powell,13,204,15,179
KY,21199,Pulaski,66,479,1,658
KY,21201,Robertson,2,,,100
KY,21203,Rockcastle,16,,,317
KY,21205,Rowan,24,136,16,280
KY,21207,Russell,18,0.2495,0.0003,253
KY,21209,Scott,60,88,154,282
KY,21211,Shelby,50,36,0.017,380
KY,21213,Simpson,20,,,234
KY,21215,Spencer,21,,,187
KY,21217,Taylor,26,73,11,266
KY,21219,Todd,12,,,375
KY,21221,Trigg,14,,,441
KY,21223,Trimble,9,7675,21,148
KY,21225,Union,13,0.0014,67,343
KY,21227,Warren,142,,,542
KY,21229,Washington,12,,,297
KY,21231,Wayne,20,,,458
KY,21233,Webster,13,2575,24,332
KY,21235,Whitley,37,,,438
KY,21237,Wolfe,6,,,222
KY,21239,Woodford,27,22,0.0073,190
LA,22001,Acadia Parish,56,2574,68,655
LA,22003,Allen Parish,22,28,40,762
LA,22005,Ascension Parish,132,13509,45,290
LA,22007,Assumption Parish,20,171,3,344
LA,22009,Avoyelles Parish,38,35,8,832
LA,22011,Beauregard Parish,37,537,31,1157
LA,22013,Bienville Parish,12,785,54,811
LA,22015,Bossier Parish,130,279,25,840
LA,22017,Caddo Parish,226,1922,340,879
LA,22019,Calcasieu Parish,204,17189,42,1064
LA,22021,Caldwell Parish,9,70,19,530
LA,22023,Cameron Parish,5,8585,45,1285
LA,22025,Catahoula Parish,8,,,708
LA,22027,Claiborne Parish,14,,,755
LA,22029,Concordia Parish,18,,,697
LA,22031,De Soto Parish,27,4149,300,876
LA,22033,East Baton Rouge Parish,448,8444,480,456
LA,22035,East Carroll Parish,7,,,421
LA,22037,East Feliciana Parish,19,33,8,453
LA,22039,Evangeline Parish,32,1394,3,662
LA,22041,Franklin Parish,19,,,624
LA,22043,Grant Parish,22,,,644
LA,22045,Iberia Parish,68,,,575
LA,22047,Iberville Parish,30,4011,8,619
LA,22049,Jackson Parish,15,403,19,569
LA,22051,Jefferson Parish,422,5310,306,301
LA,22053,Jefferson Davis Parish,32,74,68,652
LA,22055,Lafayette Parish,250,55,28,269
LA,22057,Lafourche Parish,95,155,2,1068
LA,22059,La Salle Parish,15,94,105,625
LA,22061,Lincoln Parish,48,178,21,472
LA,22063,Livingston Parish,150,1,28,648
LA,22065,Madison Parish,9,198,9,624
LA,22067,Morehouse Parish,24,55,32,795
LA,22069,Natchitoches Parish,36,524,165,1253
LA,22071,Orleans Parish,364,313,33,170
LA,22073,Ouachita Parish,158,2550,170,610
LA,22075,Plaquemines Parish,22,2148,8,781
LA,22077,Pointe Coupee Parish,20,2981,49,557
LA,22079,Rapides Parish,126,6553,21,1324
LA,22081,Red River Parish,7,599,44,389
LA,22083,Richland Parish,20,431,18,556
LA,22085,Sabine Parish,22,135,3,867
LA,22087,St. Bernard Parish,44,2540,13,378
LA,22089,St. Charles Parish,51,15638,94,278
LA,22091,St. Helena Parish,11,0.2712,14,409
LA,22093,St. James Parish,19,3661,7,238
LA,22095,St. John the Baptist Parish,40,4942,18,214
LA,22097,St. Landry Parish,81,590,95,924
LA,22099,St. Martin Parish,51,,,737
LA,22101,St. Mary Parish,47,875,138,559
LA,22103,St. Tammany Parish,276,56,19,845
LA,22105,Tangipahoa Parish,138,0.0077,12,791
LA,22107,Tensas Parish,4,,35,603
LA,22109,Terrebonne Parish,104,15,0.0067,1230
LA,22111,Union Parish,21,49,159,877
LA,22113,Vermilion Parish,57,176,18,1172
LA,22115,Vernon Parish,46,,,1327
LA,22117,Washington Parish,45,185,64,670
LA,22119,Webster Parish,35,230,26,593
LA,22121,West Baton Rouge Parish,28,1101,3,192
LA,22123,West Carroll Parish,9,2,3,360
LA,22125,West Feliciana Parish,15,262,2,403
LA,22127,Winn Parish,13,,,950
ME,23001,Androscoggin,114,22,0.0103,468
ME,23003,Aroostook,67,13,1,6671
ME,23005,Cumberland,310,817,2,836
ME,23007,Franklin,31,293,40,1697
ME,23009,Hancock,57,4,0.0022,1587
ME,23011,Kennebec,127,,,867
ME,23013,Knox,41,325,0.385,365
ME,23015,Lincoln,37,,,456
ME,23017,Oxford,60,569,3,2077
ME,23019,Penobscot,155,389,46,3397
ME,23021,Piscataquis,17,,,3961
ME,23023,Sagadahoc,38,24,1,254
ME,23025,Somerset,51,219,87,3924
ME,23027,Waldo,41,,,730
ME,23029,Washington,32,157,28,2563
ME,23031,York,219,80,0.0375,991
MD,24001,Allegany,67,1401,11,422
MD,24003,Anne Arundel,595,2750,84,415
MD,24005,Baltimore,845,0.0989,82,598
MD,24009,Calvert,95,1127,5,213
MD,24011,Caroline,34,,96,319
MD,24013,Carroll,177,1871,2,448
MD,24015,Cecil,106,1427,57,346
MD,24017,Charles,172,2984,78,458
MD,24019,Dorchester,33,33,11,541
MD,24021,Frederick,293,8,61,661
MD,24023,Garrett,28,54,47,649
MD,24025,Harford,265,243,50,437
MD,24027,Howard,336,106,19,251
MD,24029,Kent,19,,,277
MD,24031,Montgomery,1058,461,5,493
MD,24033,Prince George's,947,3263,65,483
MD,24035,Queen Anne's,53,,,372
MD,24037,St. Mary's,115,23,0.0127,359
MD,24039,Somerset,25,,,320
MD,24041,Talbot,38,0,33,269
MD,24043,Washington,156,576,83,458
MD,24045,Wicomico,105,42,55,374
MD,24047,Worcester,54,,114,468
MD,24510,Baltimore,565,679,206,81
MA,25001,Barnstable,232,145,0.0818,394
MA,25003,Berkshire,127,197,0.4655,927
MA,25005,Bristol,582,136,5,553
MA,25007,Dukes,21,,,103
MA,25009,Essex,810,882,63,493
MA,25011,Franklin,71,33,0.0155,699
MA,25013,Hampden,460,596,14,617
MA,25015,Hampshire,163,104,19,527
MA,25017,Middlesex,1624,970,368,818
MA,25019,Nantucket,14,,,46
MA,25021,Norfolk,727,2559,96,396
MA,25023,Plymouth,535,437,42,658
MA,25025,Suffolk,768,977,0.4657,58
MA,25027,Worcester,867,1600,68,1511
MI,26001,Alcona,10,19,1,675
MI,26003,Alger,9,77,0.2028,915
MI,26005,Allegan,122,506,3,825
MI,26007,Alpena,29,1858,1,572
MI,26009,Antrim,24,40,2,476
MI,26011,Arenac,15,,,363
MI,26013,Baraga,8,167,1,898
MI,26015,Barry,64,73,12,553
MI,26017,Bay,102,3579,24,442
MI,26019,Benzie,18,1,28,320
MI,26021,Berrien,152,23,168,568
MI,26023,Branch,45,64,0.03,506
MI,26025,Calhoun,133,349,54,706
MI,26027,Cass,52,,,490
MI,26029,Charlevoix,26,1424,1,416
MI,26031,Cheboygan,26,,,715
MI,26033,Chippewa,36,0.0061,44,1559
MI,26035,Clare,31,15,29,564
MI,26037,Clinton,80,28,215,567
MI,26039,Crawford,14,73,12,556
MI,26041,Delta,37,439,143,1171
MI,26043,Dickinson,26,86,50,761
MI,26045,Eaton,109,920,3,575
MI,26047,Emmet,34,,,468
MI,26049,Genesee,402,110,556,637
MI,26051,Gladwin,26,,,502
MI,26053,Gogebic,14,114,14,1102
MI,26055,Grand Traverse,96,,,464
MI,26057,Gratiot,41,,,568
MI,26059,Hillsdale,46,95,0.4017,598
MI,26061,Houghton,38,,,1009
MI,26063,Huron,31,156,64,836
MI,26065,Ingham,285,353,4,556
MI,26067,Ionia,66,,,571
MI,26069,Iosco,25,,,549
MI,26071,Iron,12,,,1166
MI,26073,Isabella,64,9,5,573
MI,26075,Jackson,159,976,223,702
MI,26077,Kalamazoo,262,291,0.1593,562
MI,26079,Kalkaska,18,108,6,560
MI,26081,Kent,661,165,156,849
MI,26083,Keweenaw,2,,,540
MI,26085,Lake,13,,,568
MI,26087,Lapeer,89,,,647
MI,26089,Leelanau,23,379,282,347
MI,26091,Lenawee,98,42,8,750
MI,26093,Livingston,197,,16,565
MI,26095,Luce,6,,,899
MI,26097,Mackinac,11,48,1,1022
MI,26099,Macomb,875,355,220,479
MI,26101,Manistee,26,852,16,542
MI,26103,Marquette,67,1381,0.23,1809
MI,26105,Mason,29,534,0.286,495
MI,26107,Mecosta,41,24,10,555
MI,26109,Menominee,23,35,115,1044
MI,26111,Midland,84,3338,157,518
MI,26113,Missaukee,15,19,0.4713,565
MI,26115,Monroe,155,14557,90,549
MI,26117,Montcalm,68,477,47,705
MI,26119,Montmorency,10,0.0113,77,547
MI,26121,Muskegon,177,33,74,504
MI,26123,Newaygo,51,,,839
MI,26125,Oakland,1270,160,189,867
MI,26127,Oceana,27,,,538
MI,26129,Ogemaw,21,,,564
MI,26131,Ontonagon,6,0.4506,56,1311
MI,26133,Osceola,23,61,0.0285,566
MI,26135,Oscoda,9,,,566
MI,26137,Otsego,26,1289,40,515
MI,26139,Ottawa,303,9872,167,564
MI,26141,Presque Isle,13,0.0057,71,659
MI,26143,Roscommon,24,,,520
MI,26145,Saginaw,188,188,38,801
MI,26147,St. Clair,160,11741,214,721
MI,26149,St. Joseph,61,18,57,501
MI,26151,Sanilac,40,43,16,963
MI,26153,Schoolcraft,8,314,0.3235,1172
MI,26155,Shiawassee,68,0.1949,59,531
MI,26157,Tuscola,53,153,0.079,805
MI,26159,Van Buren,76,2762,1,608
MI,26161,Washtenaw,366,287,31,706
MI,26163,Wayne,1751,5361,1297,612
MI,26165,Wexford,34,43,108,565
MN,27001,Aitkin,16,,,1821
MN,27003,Anoka,372,,31,422
MN,27005,Becker,35,,,1315
MN,27007,Beltrami,47,61,0.0285,2505
MN,27009,Benton,42,,,408
MN,27011,Big Stone,5,,,499
MN,27013,Blue Earth,70,1539,19,748
MN,27015,Brown,26,,,611
MN,27017,Carlton,37,195,51,861
MN,27019,Carver,111,1,0.0005,354
MN,27021,Cass,31,,,2021
MN,27023,Chippewa,12,79,0.0372,581
MN,27025,Chisago,59,,,415
MN,27027,Clay,66,184,103,1045
MN,27029,Clearwater,9,42,1,999
MN,27031,Cook,6,0.0113,2,1453
MN,27033,Cottonwood,11,138,0.0648,640
MN,27035,Crow Wing,68,0.0477,40,998
MN,27037,Dakota,447,5125,158,563
MN,27039,Dodge,21,188,0.0885,439
MN,27041,Douglas,40,30,1,637
MN,27043,Faribault,14,4,0.002,712
MN,27045,Fillmore,22,76,0.036,861
MN,27047,Freeborn,31,159,1,707
MN,27049,Goodhue,48,270,0.1822,757
MN,27051,Grant,6,,,548
MN,27053,Hennepin,1259,1075,520,554
MN,27055,Houston,19,,,552
MN,27057,Hubbard,22,36,2,926
MN,27059,Isanti,43,62,0.0295,436
MN,27061,Itasca,45,5681,5,2668
MN,27063,Jackson,10,,,703
MN,27065,Kanabec,17,0.0188,28,522
MN,27067,Kandiyohi,44,111,0.0525,797
MN,27069,Kittson,4,3,7,1099
MN,27071,Koochiching,12,152,1,3105
MN,27073,Lac qui Parle,7,37,0.0175,765
MN,27075,Lake,11,224,0.0213,2109
MN,27077,Lake of the Woods,4,,,1298
MN,27079,Le Sueur,29,,,449
MN,27081,Lincoln,6,,,537
MN,27083,Lyon,25,275,41,714
MN,27085,McLeod,37,37,20,492
MN,27087,Mahnomen,5,,,558
MN,27089,Marshall,9,35,2,1775
MN,27091,Martin,20,590,1,712
MN,27093,Meeker,23,,,608
MN,27095,Mille Lacs,27,,,572
MN,27097,Morrison,34,1,0.0005,1125
MN,27099,Mower,40,151,54,711
MN,27101,Murray,8,,,705
MN,27103,Nicollet,34,,,449
MN,27105,Nobles,22,92,0.0435,715
MN,27107,Norman,6,13,2,873
MN,27109,Olmsted,165,262,17,654
MN,27111,Otter Tail,61,254,1,1972
MN,27113,Pennington,14,,,617
MN,27115,Pine,30,,,1411
MN,27117,Pipestone,9,,,465
MN,27119,Polk,30,471,204,1971
MN,27121,Pope,11,,,675
MN,27123,Ramsey,536,1470,1,152
MN,27125,Red Lake,4,,,432
MN,27127,Redwood,15,107,1,879
MN,27129,Renville,14,645,1,983
MN,27131,Rice,68,368,53,496
MN,27133,Rock,10,2,0.0125,482
MN,27135,Roseau,15,1,0.051,1672
MN,27137,St. Louis,201,2541,8,6248
MN,27139,Scott,156,182,0.0767,356
MN,27141,Sherburne,102,9779,251,433
MN,27143,Sibley,15,193,0.0907,589
MN,27145,Stearns,161,24,0.0112,1343
MN,27147,Steele,37,0.0258,52,430
MN,27149,Stevens,10,43,0.0262,564
MN,27151,Swift,10,72,0.036,742
MN,27153,Todd,26,37,2,945
MN,27155,Traverse,3,,,574
MN,27157,Wabasha,22,,,523
MN,27159,Wadena,14,,,536
MN,27161,Waseca,19,184,0.0867,423
MN,27163,Washington,279,2691,4,385
MN,27165,Watonwan,11,0.034,,435
MN,27167,Wilkin,6,,,751
MN,27169,Winona,50,,,626
MN,27171,Wright,151,0.0229,4,661
MN,27173,Yellow Medicine,9,,,759
MS,28001,Adams,29,0,,462
MS,28003,Alcorn,34,38,9,400
MS,28005,Amite,12,,,730
MS,28007,Attala,17,977,8,735
MS,28009,Benton,7,1700,1,407
MS,28011,Bolivar,29,112,0.0522,877
MS,28013,Calhoun,13,111,9,587
MS,28015,Carroll,10,,,628
MS,28017,Chickasaw,17,,35,502
MS,28019,Choctaw,8,6035,10,418
MS,28021,Claiborne,9,,,487
MS,28023,Clarke,15,72,11,692
MS,28025,Clay,18,,,410
MS,28027,Coahoma,20,56,17,553
MS,28029,Copiah,28,,,777
MS,28031,Covington,18,9,10,414
MS,28033,DeSoto,193,1745,19,476
MS,28035,Forrest,78,11,66,466
MS,28037,Franklin,8,,,564
MS,28039,George,26,11,3,479
MS,28041,Greene,14,18,0.291,713
MS,28043,Grenada,21,,,422
MS,28045,Hancock,46,57,0.0267,474
MS,28047,Harrison,211,2022,31,574
MS,28049,Hinds,215,1520,25,870
MS,28051,Holmes,16,,,757
MS,28053,Humphreys,7,0.0054,1,419
MS,28055,Issaquena,1,,,413
MS,28057,Itawamba,24,,,533
MS,28059,Jackson,146,4595,53,723
MS,28061,Jasper,16,30,1,676
MS,28063,Jefferson,7,59,8,520
MS,28065,Jefferson Davis,11,94,70,408
MS,28067,Jones,66,730,9,695
MS,28069,Kemper,9,1761,5,766
MS,28071,Lafayette,58,,,632
MS,28073,Lamar,66,26,0.0187,497
MS,28075,Lauderdale,71,2,18,704
MS,28077,Lawrence,12,620,28,431
MS,28079,Leake,21,7,25,583
MS,28081,Lee,83,31,0.0147,450
MS,28083,Leflore,26,,78,594
MS,28085,Lincoln,35,,,586
MS,28087,Lowndes,57,1874,32,505
MS,28089,Madison,113,96,90,714
MS,28091,Marion,24,,,542
MS,28093,Marshall,34,32,0.0688,706
MS,28095,Monroe,34,520,2,765
MS,28097,Montgomery,10,,,407
MS,28099,Neshoba,29,,,570
MS,28101,Newton,21,46,0.0215,578
MS,28103,Noxubee,10,,,695
MS,28105,Oktibbeha,51,0.0112,97,458
MS,28107,Panola,33,1335,5,685
MS,28109,Pearl River,58,0.016,73,811
MS,28111,Perry,11,130,158,647
MS,28113,Pike,39,6,22,409
MS,28115,Pontotoc,32,,177,498
MS,28117,Prentiss,25,,,415
MS,28119,Quitman,6,,,405
MS,28121,Rankin,160,117,0.02,776
MS,28123,Scott,28,79,78,609
MS,28125,Sharkey,3,,,432
MS,28127,Simpson,26,148,14,589
MS,28129,Smith,14,233,10,636
MS,28131,Stone,19,,,445
MS,28133,Sunflower,24,128,8,698
MS,28135,Tallahatchie,12,,,646
MS,28137,Tate,28,3,6,405
MS,28139,Tippah,21,22,33,458
MS,28141,Tishomingo,19,,,424
MS,28143,Tunica,9,0.1621,29,454
MS,28145,Union,28,86,0.3145,416
MS,28147,Walthall,14,52,14,404
MS,28149,Warren,42,829,9,589
MS,28151,Washington,42,107,177,724
MS,28153,Wayne,20,33,0.0155,811
MS,28155,Webster,10,,,421
MS,28157,Wilkinson,8,,,678
MS,28159,Winston,17,89,8,607
MS,28161,Yalobusha,12,,,467
MS,28163,Yazoo,26,1112,0.2687,922
MO,29001,Adair,25,,,567
MO,29003,Andrew,18,,,433
MO,29005,Atchison,5,,,547
MO,29007,Audrain,24,169,1,692
MO,29009,Barry,35,,,778
MO,29011,Barton,12,0.0488,54,592
MO,29013,Bates,16,,,837
MO,29015,Benton,21,,,704
MO,29017,Bollinger,11,9,4,618
MO,29019,Boone,189,23,43,686
MO,29021,Buchanan,83,332,29,408
MO,29023,Butler,42,,8,695
MO,29025,Caldwell,9,,,426
MO,29027,Callaway,45,0.0032,0.0003,835
MO,29029,Camden,44,,,656
MO,29031,Cape Girardeau,83,1084,1,579
MO,29033,Carroll,8,101,0.0475,695
MO,29035,Carter,5,,,507
MO,29037,Cass,112,751,0.3483,697
MO,29039,Cedar,15,,,474
MO,29041,Chariton,7,,,751
MO,29043,Christian,94,,,563
MO,29045,Clark,7,,,505
MO,29047,Clay,260,87,0.041,398
MO,29049,Clinton,22,,,419
MO,29051,Cole,77,0.0768,23,392
MO,29053,Cooper,17,,,565
MO,29055,Crawford,23,,,742
MO,29057,Dade,8,,,490
MO,29059,Dallas,18,,,541
MO,29061,Daviess,9,,,563
MO,29063,DeKalb,10,,,421
MO,29065,Dent,15,97,0.041,753
MO,29067,Douglas,12,,,814
MO,29069,Dunklin,27,356,0.165,542
MO,29071,Franklin,106,15637,45,923
MO,29073,Gasconade,15,,,519
MO,29075,Gentry,6,,,491
MO,29077,Greene,305,2483,133,675
MO,29079,Grundy,10,,,435
MO,29081,Harrison,8,,,723
MO,29083,Henry,22,487,0.128,697
MO,29085,Hickory,9,,,399
MO,29087,Holt,4,110,4,463
MO,29089,Howard,10,,,464
MO,29091,Howell,41,,,927
MO,29093,Iron,9,,,550
MO,29095,Jackson,719,3708,177,605
MO,29097,Jasper,125,997,1,639
MO,29099,Jefferson,231,9303,23,656
MO,29101,Johnson,55,71,29,829
MO,29103,Knox,4,,,504
MO,29105,Laclede,37,,,765
MO,29107,Lafayette,33,,,628
MO,29109,Lawrence,39,,,612
MO,29111,Lewis,10,0.0015,21,505
MO,29113,Lincoln,65,29,0.0135,627
MO,29115,Linn,12,,,616
MO,29117,Livingston,15,,,532
MO,29119,McDonald,24,63,21,539
MO,29121,Macon,15,50,31,801
MO,29123,Madison,13,6,0.0027,494
MO,29125,Maries,8,,,527
MO,29127,Marion,28,819,1,437
MO,29129,Mercer,3,,,454
MO,29131,Miller,26,,,593
MO,29133,Mississippi,12,,,412
MO,29135,Moniteau,15,,,415
MO,29137,Monroe,9,,,648
MO,29139,Montgomery,11,27,0.0777,535
MO,29141,Morgan,22,,,598
MO,29143,New Madrid,15,5274,1,675
MO,29145,Newton,61,3,4,625
MO,29147,Nodaway,21,1,0.0005,877
MO,29149,Oregon,9,,,790
MO,29151,Osage,13,0.0018,0.0767,607
MO,29153,Ozark,9,,,745
MO,29155,Pemiscot,15,,,493
MO,29157,Perry,19,14,1,474
MO,29159,Pettis,44,82,163,682
MO,29161,Phelps,45,,,672
MO,29163,Pike,18,31,79,670
MO,29165,Platte,112,6998,2,420
MO,29167,Polk,33,,,636
MO,29169,Pulaski,54,37,7,547
MO,29171,Putnam,5,,,517
MO,29173,Ralls,10,,,470
MO,29175,Randolph,24,8214,2,483
MO,29177,Ray,23,,,569
MO,29179,Reynolds,6,,,808
MO,29181,Ripley,11,,,630
MO,29183,St. Charles,417,4042,12,560
MO,29185,St. Clair,10,,,675
MO,29186,Ste. Genevieve,19,6496,5,499
MO,29187,St. Francois,67,181,0.2477,452
MO,29189,St. Louis,987,617,395,508
MO,29195,Saline,23,82,0.0385,756
MO,29197,Schuyler,4,,,307
MO,29199,Scotland,5,,,437
MO,29201,Scott,38,1805,5,420
MO,29203,Shannon,7,,,1004
MO,29205,Shelby,6,,,501
MO,29207,Stoddard,28,92,38,823
MO,29209,Stone,33,,,464
MO,29211,Sullivan,6,27,2,648
MO,29213,Taney,57,,,632
MO,29215,Texas,26,,,1177
MO,29217,Vernon,20,75,0.0355,826
MO,29219,Warren,38,,,429
MO,29221,Washington,24,0,61,760
MO,29223,Wayne,11,,,759
MO,29225,Webster,41,,,593
MO,29227,Worth,2,,,267
MO,29229,Wright,19,0.0039,131,682
MO,29510,St. Louis,282,208,94,62
MT,30001,Beaverhead,10,,,5543
MT,30003,Big Horn,13,753,42,4998
MT,30005,Blaine,7,,,4228
MT,30007,Broadwater,8,319,0.3545,1192
MT,30009,Carbon,11,,,2048
MT,30011,Carter,1,,,3340
MT,30013,Cascade,85,311,83,2698
MT,30015,Chouteau,6,,,3973
MT,30017,Custer,12,,,3783
MT,30019,Daniels,2,,,1426
MT,30021,Dawson,9,8,0.0037,2372
MT,30023,Deer Lodge,10,174,0.0808,737
MT,30025,Fallon,3,17,11,1621
MT,30027,Fergus,12,,,4339
MT,30029,Flathead,114,33,0.4047,5087
MT,30031,Gallatin,126,305,47,2605
MT,30033,Garfield,1,,,4677
MT,30035,Glacier,14,,,2995
MT,30037,Golden Valley,1,,,1174
MT,30039,Granite,4,,,1727
MT,30041,Hill,16,,,2899
MT,30043,Jefferson,13,315,0.4825,1657
MT,30045,Judith Basin,2,,,1870
MT,30047,Lake,33,,9,1490
MT,30049,Lewis and Clark,75,,32,3458
MT,30051,Liberty,2,,,1430
MT,30053,Lincoln,22,,,3613
MT,30055,McCone,2,,,2642
MT,30057,Madison,10,,,3588
MT,30059,Meagher,2,,,2392
MT,30061,Mineral,5,,,1220
MT,30063,Missoula,122,0.0256,18,2593
MT,30065,Musselshell,5,,,1869
MT,30067,Park,18,,,2802
MT,30069,Petroleum,1,,,1656
MT,30071,Phillips,4,,,5140
MT,30073,Pondera,6,,,1625
MT,30075,Powder River,2,,,3298
MT,30077,Powell,7,,,2326
MT,30079,Prairie,1,,,1737
MT,30081,Ravalli,48,,,2391
MT,30083,Richland,11,199,0.2382,2085
MT,30085,Roosevelt,10,52,0.474,2355
MT,30087,Rosebud,8,10442,31,5008
MT,30089,Sanders,14,,,2760
MT,30091,Sheridan,3,,,1677
MT,30093,Silver Bow,36,92,37,718
MT,30095,Stillwater,9,,,1797
MT,30097,Sweet Grass,4,,,1856
MT,30099,Teton,6,,,2272
MT,30101,Toole,5,,,1915
MT,30103,Treasure,1,,,978
MT,30105,Valley,7,0.1732,0.285,4926
MT,30107,Wheatland,2,,,1422
MT,30109,Wibaux,1,,,890
MT,30111,Yellowstone,171,2878,143,2633
NE,31001,Adams,31,339,48,563
NE,31003,Antelope,6,,,857
NE,31005,Arthur,0.412,,,715
NE,31007,Banner,1,,,746
NE,31009,Blaine,0.436,,,711
NE,31011,Boone,5,183,0.0862,687
NE,31013,Box Butte,11,,,1075
NE,31015,Boyd,2,,,539
NE,31017,Brown,3,,,1221
NE,31019,Buffalo,51,133,0.0628,968
NE,31021,Burt,7,,,492
NE,31023,Butler,8,0.059,103,585
NE,31025,Cass,27,836,0.1522,557
NE,31027,Cedar,8,,,740
NE,31029,Chase,4,,,894
NE,31031,Cherry,5,,,5960
NE,31033,Cheyenne,10,,,1196
NE,31035,Clay,6,,,572
NE,31037,Colfax,11,46,1,411
NE,31039,Cuming,9,,,570
NE,31041,Custer,11,,,2575
NE,31043,Dakota,21,165,60,264
NE,31045,Dawes,8,,,1396
NE,31047,Dawson,24,101,28,1014
NE,31049,Deuel,2,,,440
NE,31051,Dixon,5,,,476
NE,31053,Dodge,37,569,2,529
NE,31055,Douglas,590,1873,186,326
NE,31057,Dundy,2,,,920
NE,31059,Fillmore,6,62,0.0105,575
NE,31061,Franklin,3,,,576
NE,31063,Frontier,3,,,975
NE,31065,Furnas,5,54,0.0257,719
NE,31067,Gage,22,924,6,851
NE,31069,Garden,2,,,1705
NE,31071,Garfield,2,,,569
NE,31073,Gosper,2,5,0.0022,458
NE,31075,Grant,1,,,777
NE,31077,Greeley,2,,,570
NE,31079,Hall,62,751,92,547
NE,31081,Hamilton,10,138,0.065,542
NE,31083,Harlan,3,,,553
NE,31085,Hayes,1,,,713
NE,31087,Hitchcock,3,47,0.022,710
NE,31089,Holt,10,68,0.032,2412
NE,31091,Hooker,1,,,721
NE,31093,Howard,7,,,569
NE,31095,Jefferson,7,,,570
NE,31097,Johnson,5,,,376
NE,31099,Kearney,7,72,0.034,516
NE,31101,Keith,8,0.0272,61,1062
NE,31103,Keya Paha,1,,,773
NE,31105,Kimball,3,,,952
NE,31107,Knox,8,,,1108
NE,31109,Lancaster,327,1228,231,838
NE,31111,Lincoln,33,6629,2,2564
NE,31113,Logan,1,,,571
NE,31115,Loup,1,,,563
NE,31117,McPherson,0.383,,,859
NE,31119,Madison,36,71,0.0335,573
NE,31121,Merrick,8,126,0.0595,488
NE,31123,Morrill,5,49,0.023,1424
NE,31125,Nance,3,,,442
NE,31127,Nemaha,7,,,407
NE,31129,Nuckolls,4,,,575
NE,31131,Otoe,16,6851,37,616
NE,31133,Pawnee,3,,,431
NE,31135,Perkins,3,48,0.0227,883
NE,31137,Phelps,9,2,2,540
NE,31139,Pierce,7,99,0.0465,573
NE,31141,Platte,35,1080,8,675
NE,31143,Polk,5,,,439
NE,31145,Red Willow,10,,,717
NE,31147,Richardson,8,,,552
NE,31149,Rock,1,,,1008
NE,31151,Saline,15,32,47,574
NE,31153,Sarpy,200,92,17,238
NE,31155,Saunders,23,29,0.0138,749
NE,31157,Scotts Bluff,36,360,1,740
NE,31159,Seward,18,0.0225,57,571
NE,31161,Sheridan,5,,,2440
NE,31163,Sherman,3,,,566
NE,31165,Sioux,1,,,2067
NE,31167,Stanton,6,206,80,428
NE,31169,Thayer,5,,,574
NE,31171,Thomas,1,,,713
NE,31173,Thurston,7,,,394
NE,31175,Valley,4,83,0.039,568
NE,31177,Washington,21,560,1,390
NE,31179,Wayne,10,,,443
NE,31181,Webster,3,,,575
NE,31183,Wheeler,1,,,575
NE,31185,York,14,292,0.1373,573
NV,32001,Churchill,26,,,4950
NV,32003,Clark,2337,7446,17,7892
NV,32005,Douglas,50,,,711
NV,32007,Elko,54,590,38,17173
NV,32009,Esmeralda,1,,,3582
NV,32011,Eureka,2,1841,4,4176
NV,32013,Humboldt,17,1625,5,9641
NV,32015,Lander,6,0,,5519
NV,32017,Lincoln,4,,,10633
NV,32019,Lyon,63,701,0.349,2003
NV,32021,Mineral,5,,,3751
NV,32023,Nye,56,,,18182
NV,32027,Pershing,6,39,0.0182,6037
NV,32029,Storey,4,1802,1,264
NV,32031,Washoe,498,0.2175,197,6316
NV,32033,White Pine,9,14,0.0343,8887
NV,32510,Carson City,58,,,145
NH,33001,Belknap,65,,,402
NH,33003,Carroll,52,,,932
NH,33005,Cheshire,78,,,707
NH,33007,Coos,31,11,53,1795
NH,33009,Grafton,93,44,120,1709
NH,33011,Hillsborough,427,16,78,877
NH,33013,Merrimack,157,373,2,933
NH,33015,Rockingham,321,1869,1,695
NH,33017,Strafford,133,17,138,367
NH,33019,Sullivan,44,0,0.3882,538
NJ,34001,Atlantic,275,82,127,556
NJ,34003,Bergen,958,775,17,233
NJ,34005,Burlington,469,43,48,799
NJ,34007,Camden,527,173,69,221
NJ,34009,Cape May,95,0.0001,149,252
NJ,34011,Cumberland,152,274,33,483
NJ,34013,Essex,851,2050,534,126
NJ,34015,Gloucester,308,2135,35,322
NJ,34017,Hudson,705,432,0.2008,46
NJ,34019,Hunterdon,130,69,2,428
NJ,34021,Mercer,382,99,0.0465,224
NJ,34023,Middlesex,864,4084,142,309
NJ,34025,Monmouth,643,39,252,468
NJ,34027,Morris,514,57,2,461
NJ,34029,Ocean,659,240,56,628
NJ,34031,Passaic,513,,,186
NJ,34033,Salem,65,750,79,332
NJ,34035,Somerset,349,30,0.014,302
NJ,34037,Sussex,146,63,1,518
NJ,34039,Union,573,7147,58,103
NJ,34041,Warren,111,146,0.1575,357
NM,35001,Bernalillo,672,561,251,1161
NM,35003,Catron,4,,,6924
NM,35005,Chaves,64,42,0.0198,6067
NM,35006,Cibola,27,,,4540
NM,35007,Colfax,12,,,3758
NM,35009,Curry,47,41,45,1406
NM,35011,De Baca,2,,,2323
NM,35013,Doa Ana,225,777,90,3808
NM,35015,Eddy,60,1468,126,4176
NM,35017,Grant,27,16,0.0073,3961
NM,35019,Guadalupe,4,,,3030
NM,35021,Harding,1,,,2125
NM,35023,Hidalgo,4,149,8,3439
NM,35025,Lea,72,4043,129,4392
NM,35027,Lincoln,20,31,31,4831
NM,35028,Los Alamos,19,92,0.043,109
NM,35029,Luna,25,1235,6,2965
NM,35031,McKinley,69,56,6,5451
NM,35033,Mora,4,,,1926
NM,35035,Otero,69,0.0005,33,6613
NM,35037,Quay,9,,,2874
NM,35039,Rio Arriba,40,213,0.1008,5861
NM,35041,Roosevelt,19,32,0.0152,2446
NM,35043,Sandoval,156,35,96,3710
NM,35045,San Juan,121,16244,1905,5517
NM,35047,San Miguel,27,,,4722
NM,35049,Santa Fe,156,0.0413,42,1910
NM,35051,Sierra,11,,,4181
NM,35053,Socorro,16,,,6646
NM,35055,Taos,34,,,2202
NM,35057,Torrance,16,30,5,3345
NM,35059,Union,4,,,3825
NM,35061,Valencia,79,62,0.0285,1067
NY,36001,Albany,317,3357,94,523
NY,36003,Allegany,47,13,89,1030
NY,36005,Bronx,1356,333,0.1625,42
NY,36007,Broome,196,46,49,706
NY,36009,Cattaraugus,76,76,3,1308
NY,36011,Cayuga,74,169,3,692
NY,36013,Chautauqua,125,0.0001,86,1060
NY,36015,Chemung,81,96,29,407
NY,36017,Chenango,46,,,893
NY,36019,Clinton,78,60,21,1038
NY,36021,Columbia,60,,,635
NY,36023,Cortland,46,0.0128,32,499
NY,36025,Delaware,44,88,1,1443
NY,36027,Dutchess,297,1977,19,796
NY,36029,Erie,946,209,211,1043
NY,36031,Essex,37,161,50,1794
NY,36033,Franklin,47,0.1084,6,1629
NY,36035,Fulton,52,0.0752,42,495
NY,36037,Genesee,58,104,4,493
NY,36039,Greene,47,694,0.3217,647
NY,36041,Hamilton,5,,,1717
NY,36043,Herkimer,59,14,18,1411
NY,36045,Jefferson,115,123,57,1268
NY,36047,Brooklyn,2561,1227,187,69
NY,36049,Lewis,27,13,0.006,1276
NY,36051,Livingston,61,,,632
NY,36053,Madison,67,0.0525,10,655
NY,36055,Monroe,748,558,333,657
NY,36057,Montgomery,49,37,3,403
NY,36059,Nassau,1382,1935,254,285
NY,36061,Manhattan,1597,2780,201,23
NY,36063,Niagara,209,546,79,522
NY,36065,Oneida,228,42,72,1212
NY,36067,Onondaga,468,476,176,778
NY,36069,Ontario,112,116,95,644
NY,36071,Orange,407,1877,49,812
NY,36073,Orleans,39,76,0.036,391
NY,36075,Oswego,118,1648,49,952
NY,36077,Otsego,60,,,1002
NY,36079,Putnam,98,119,2,230
NY,36081,Queens,2252,5280,28,109
NY,36083,Rensselaer,159,1498,3,652
NY,36085,Richmond,491,657,97,58
NY,36087,Rockland,341,719,2,174
NY,36089,St. Lawrence,107,279,7,2680
NY,36091,Saratoga,239,409,15,810
NY,36093,Schenectady,160,49,0.0238,205
NY,36095,Schoharie,30,35,2,622
NY,36097,Schuyler,18,122,0.0575,328
NY,36099,Seneca,32,0.018,159,324
NY,36101,Steuben,92,140,15,1391
NY,36103,Suffolk,1523,4429,38,911
NY,36105,Sullivan,80,43,0.4263,968
NY,36107,Tioga,48,,,519
NY,36109,Tompkins,104,146,0.0693,475
NY,36111,Ulster,182,49,0.143,1124
NY,36113,Warren,65,392,0.257,867
NY,36115,Washington,60,100,1,831
NY,36117,Wayne,91,,,604
NY,36119,Westchester,991,362,32,431
NY,36121,Wyoming,40,61,0.0285,593
NY,36123,Yates,24,253,0.1103,338
NC,37001,Alamance,179,,128,423
NC,37003,Alexander,36,,,260
NC,37005,Alleghany,11,,,235
NC,37007,Anson,22,93,52,531
NC,37009,Ashe,27,,,426
NC,37011,Avery,18,,,247
NC,37013,Beaufort,44,326,0.3635,833
NC,37015,Bertie,17,7,254,699
NC,37017,Bladen,29,56,1,875
NC,37019,Brunswick,160,67,1,850
NC,37021,Buncombe,276,1447,73,656
NC,37023,Burke,88,,,506
NC,37025,Cabarrus,240,,161,361
NC,37027,Caldwell,81,,59,472
NC,37029,Camden,11,,,240
NC,37031,Carteret,70,,,508
NC,37033,Caswell,23,,,425
NC,37035,Catawba,165,5690,106,401
NC,37037,Chatham,82,108,0.1852,681
NC,37039,Cherokee,30,,,456
NC,37041,Chowan,14,,,173
NC,37043,Clay,12,,,215
NC,37045,Cleveland,101,1743,137,464
NC,37047,Columbus,50,215,107,938
NC,37049,Craven,102,126,136,707
NC,37051,Cumberland,338,296,68,653
NC,37053,Currituck,32,,,262
NC,37055,Dare,38,,,383
NC,37057,Davidson,175,105,65,553
NC,37059,Davie,45,,,264
NC,37061,Duplin,50,42,0.0198,815
NC,37063,Durham,337,14,0.0067,288
NC,37065,Edgecombe,49,159,0.471,505
NC,37067,Forsyth,393,69,0.4128,408
NC,37069,Franklin,77,,,492
NC,37071,Gaston,237,287,117,356
NC,37073,Gates,10,,,341
NC,37075,Graham,8,,,292
NC,37077,Granville,62,,,532
NC,37079,Greene,21,,,267
NC,37081,Guilford,550,35,157,646
NC,37083,Halifax,47,243,35,724
NC,37085,Harnett,141,,,595
NC,37087,Haywood,63,862,156,554
NC,37089,Henderson,119,,15,373
NC,37091,Hertford,19,231,0.0548,353
NC,37093,Hoke,54,,,390
NC,37095,Hyde,5,,,612
NC,37097,Iredell,200,215,104,574
NC,37099,Jackson,45,,,491
NC,37101,Johnston,242,,104,792
NC,37103,Jones,9,,,471
NC,37105,Lee,67,,,255
NC,37107,Lenoir,55,43,24,399
NC,37109,Lincoln,96,225,48,296
NC,37111,McDowell,45,,,440
NC,37113,Macon,38,,,516
NC,37115,Madison,22,,,450
NC,37117,Martin,21,,,456
NC,37119,Mecklenburg,1164,209,145,524
NC,37121,Mitchell,15,,,221
NC,37123,Montgomery,26,,85,492
NC,37125,Moore,107,,,698
NC,37127,Nash,97,,,540
NC,37129,New Hanover,239,1789,69,192
NC,37131,Northampton,17,,,537
NC,37133,Onslow,214,,70,762
NC,37135,Orange,151,,18,398
NC,37137,Pamlico,12,,,337
NC,37139,Pasquotank,41,,,227
NC,37141,Pender,69,,,871
NC,37143,Perquimans,13,,,247
NC,37145,Person,40,6982,76,392
NC,37147,Pitt,175,27,23,652
NC,37149,Polk,20,,,238
NC,37151,Randolph,147,36,162,782
NC,37153,Richmond,42,3509,2,474
NC,37155,Robeson,117,55,111,947
NC,37157,Rockingham,93,2092,60,566
NC,37159,Rowan,152,1865,36,512
NC,37161,Rutherford,66,,,565
NC,37163,Sampson,60,27,835,946
NC,37165,Scotland,34,210,0.074,319
NC,37167,Stanly,66,20,0.058,395
NC,37169,Stokes,46,6915,16,449
NC,37171,Surry,71,0,48,533
NC,37173,Swain,14,,,528
NC,37175,Transylvania,34,,,378
NC,37177,Tyrrell,3,,,391
NC,37179,Union,256,50,0.024,633
NC,37181,Vance,42,80,0.0255,252
NC,37183,Wake,1190,38,158,835
NC,37185,Warren,19,,,429
NC,37187,Washington,11,140,24,347
NC,37189,Watauga,55,,,312
NC,37191,Wayne,119,2378,62,554
NC,37193,Wilkes,66,25,61,754
NC,37195,Wilson,79,130,0.0473,368
NC,37197,Yadkin,38,,,335
NC,37199,Yancey,19,,,313
ND,38001,Adams,2,,,988
ND,38003,Barnes,11,88,0.1077,1492
ND,38005,Benson,6,,,1389
ND,38007,Billings,1,,,1148
ND,38009,Bottineau,6,,,1669
ND,38011,Bowman,3,23,1,1162
ND,38013,Burke,2,73,14,1104
ND,38015,Burleigh,100,31,1,1633
ND,38017,Cass,196,289,172,1765
ND,38019,Cavalier,4,,,1489
ND,38021,Dickey,5,,,1131
ND,38023,Divide,2,30,3,1261
ND,38025,Dunn,4,2009,66,2008
ND,38027,Eddy,2,,,630
ND,38029,Emmons,3,,,1508
ND,38031,Foster,3,,,634
ND,38033,Golden Valley,2,,,1001
ND,38035,Grand Forks,73,82,58,1436
ND,38037,Grant,2,,,1659
ND,38039,Griggs,2,,,709
ND,38041,Hettinger,2,,,1132
ND,38043,Kidder,2,,,1351
ND,38045,LaMoure,4,,,1146
ND,38047,Logan,2,,,993
ND,38049,McHenry,5,137,0.1145,1874
ND,38051,McIntosh,2,109,1,975
ND,38053,McKenzie,14,834,74,2760
ND,38055,McLean,10,9380,26,2110
ND,38057,Mercer,8,15129,31,1043
ND,38059,Morton,34,1561,5,1926
ND,38061,Mountrail,9,157,8,1825
ND,38063,Nelson,3,,,982
ND,38065,Oliver,2,4895,14,722
ND,38067,Pembina,7,303,38,1119
ND,38069,Pierce,4,,,1018
ND,38071,Ramsey,11,,,1185
ND,38073,Ransom,6,27,1,862
ND,38075,Renville,2,,,877
ND,38077,Richland,17,659,52,1436
ND,38079,Rolette,12,,,903
ND,38081,Sargent,4,1,64,858
ND,38083,Sheridan,1,,,972
ND,38085,Sioux,4,,,1094
ND,38087,Slope,1,,,1215
ND,38089,Stark,33,1188,59,1335
ND,38091,Steele,2,,,712
ND,38093,Stutsman,21,394,1,2222
ND,38095,Towner,2,,,1025
ND,38097,Traill,8,354,129,862
ND,38099,Walsh,10,,,1282
ND,38101,Ward,68,0.2977,48,2013
ND,38103,Wells,4,,,1271
ND,38105,Williams,39,949,37,2078
OH,39001,Adams,28,39,0.04,584
OH,39003,Allen,101,3183,10,403
OH,39005,Ashland,52,,,423
OH,39007,Ashtabula,97,452,35,702
OH,39009,Athens,63,182,132,504
OH,39011,Auglaize,46,23,0.011,401
OH,39013,Belmont,65,125,213,532
OH,39015,Brown,44,0.098,196,490
OH,39017,Butler,393,1927,1,467
OH,39019,Carroll,27,2088,16,395
OH,39021,Champaign,39,,,429
OH,39023,Clark,135,1,22,396
OH,39025,Clermont,212,4480,13,453
OH,39027,Clinton,42,,,409
OH,39029,Columbiana,100,306,8,532
OH,39031,Coshocton,37,111,25,564
OH,39033,Crawford,42,75,196,402
OH,39035,Cuyahoga,1233,4059,663,457
OH,39037,Darke,51,315,0.401,598
OH,39039,Defiance,38,363,74,411
OH,39041,Delaware,232,,,443
OH,39043,Erie,74,95,132,251
OH,39045,Fairfield,165,113,27,504
OH,39047,Fayette,29,365,2,406
OH,39049,Franklin,1326,227,212,532
OH,39051,Fulton,42,328,0.0485,405
OH,39053,Gallia,29,18546,87,467
OH,39055,Geauga,95,,2,400
OH,39057,Greene,170,589,1,414
OH,39059,Guernsey,38,66,7,522
OH,39061,Hamilton,827,6978,260,405
OH,39063,Hancock,75,74,0.0345,531
OH,39065,Hardin,30,,,470
OH,39067,Harrison,14,593,9,402
OH,39069,Henry,28,80,0.053,416
OH,39071,Highland,44,,,553
OH,39073,Hocking,28,19,0.0075,421
OH,39075,Holmes,44,,,423
OH,39077,Huron,58,79,0.037,492
OH,39079,Jackson,33,24,327,420
OH,39081,Jefferson,64,14920,603,408
OH,39083,Knox,63,,,526
OH,39085,Lake,232,302,45,229
OH,39087,Lawrence,56,3734,2,453
OH,39089,Licking,183,103,1,682
OH,39091,Logan,46,0.0116,73,459
OH,39093,Lorain,318,1008,118,491
OH,39095,Lucas,425,7177,26,340
OH,39097,Madison,45,,,467
OH,39099,Mahoning,226,149,133,411
OH,39101,Marion,65,217,0.0853,404
OH,39103,Medina,184,60,1,421
OH,39105,Meigs,22,,,430
OH,39107,Mercer,42,0.0194,53,462
OH,39109,Miami,111,,,407
OH,39111,Monroe,13,159,19,456
OH,39113,Montgomery,534,831,34,461
OH,39115,Morgan,14,1316,4,416
OH,39117,Morrow,36,,,406
OH,39119,Muskingum,86,1818,4,665
OH,39121,Noble,14,102,3,398
OH,39123,Ottawa,40,258,8,255
OH,39125,Paulding,19,371,0.1608,416
OH,39127,Perry,36,38,277,408
OH,39129,Pickaway,61,645,2,501
OH,39131,Pike,27,9,227,440
OH,39133,Portage,163,280,504,487
OH,39135,Preble,41,1,37,424
OH,39137,Putnam,34,231,0.1087,483
OH,39139,Richland,125,176,444,495
OH,39141,Ross,77,293,22,689
OH,39143,Sandusky,59,2821,3,408
OH,39145,Scioto,72,979,0.0253,610
OH,39147,Seneca,55,660,43,551
OH,39149,Shelby,48,95,0.0583,408
OH,39151,Stark,373,1310,254,575
OH,39153,Summit,536,110,2,413
OH,39155,Trumbull,200,2399,1,618
OH,39157,Tuscarawas,92,257,637,568
OH,39159,Union,70,104,0.0495,432
OH,39161,Van Wert,29,185,0.088,409
OH,39163,Vinton,12,338,0.1568,412
OH,39165,Warren,252,88,14,401
OH,39167,Washington,59,7163,79,632
OH,39169,Wayne,117,242,12,555
OH,39171,Williams,37,0.0252,135,421
OH,39173,Wood,133,708,38,617
OH,39175,Wyandot,21,0.0131,27,407
OK,40001,Adair,20,,,574
OK,40003,Alfalfa,6,15,5,867
OK,40005,Atoka,15,4,0.3885,975
OK,40007,Beaver,5,101,43,1815
OK,40009,Beckham,22,84,21,902
OK,40011,Blaine,9,2,2,928
OK,40013,Bryan,49,206,7,904
OK,40015,Caddo,26,734,2,1278
OK,40017,Canadian,176,828,98,897
OK,40019,Carter,49,900,9,822
OK,40021,Cherokee,48,,,749
OK,40023,Choctaw,14,1009,3,770
OK,40025,Cimarron,2,,,1835
OK,40027,Cleveland,301,50,0.0235,539
OK,40029,Coal,5,213,8,517
OK,40031,Comanche,122,288,102,1069
OK,40033,Cotton,5,,,633
OK,40035,Craig,14,,,761
OK,40037,Creek,73,96,0.033,950
OK,40039,Custer,28,69,31,989
OK,40041,Delaware,42,,,738
OK,40043,Dewey,4,43,4,1000
OK,40045,Ellis,4,,,1231
OK,40047,Garfield,62,2518,92,1059
OK,40049,Garvin,26,894,246,802
OK,40051,Grady,57,337,106,1101
OK,40053,Grant,4,227,1,1001
OK,40055,Greer,5,,,639
OK,40057,Harmon,2,,,537
OK,40059,Harper,3,,,1039
OK,40061,Haskell,12,,,577
OK,40063,Hughes,13,168,21,804
OK,40065,Jackson,25,100,0.047,803
OK,40067,Jefferson,5,,,759
OK,40069,Johnston,10,,,643
OK,40071,Kay,44,2263,59,920
OK,40073,Kingfisher,15,455,16,898
OK,40075,Kiowa,8,,,1015
OK,40077,Latimer,10,63,40,722
OK,40079,Le Flore,50,1244,4,1589
OK,40081,Lincoln,35,,39,952
OK,40083,Logan,53,58,6,744
OK,40085,Love,10,,,514
OK,40087,McClain,47,860,37,571
OK,40089,McCurtain,31,368,139,1851
OK,40091,McIntosh,20,,,618
OK,40093,Major,8,0.0528,57,955
OK,40095,Marshall,16,71,1,371
OK,40097,Mayes,40,3213,6,655
OK,40099,Murray,14,,,416
OK,40101,Muskogee,67,3917,221,811
OK,40103,Noble,11,3183,9,732
OK,40105,Nowata,9,,,566
OK,40107,Okfuskee,11,39,10,618
OK,40109,Oklahoma,809,9297,4209,709
OK,40111,Okmulgee,37,147,31,697
OK,40113,Osage,46,0.0315,201,2247
OK,40115,Ottawa,30,,,471
OK,40117,Pawnee,16,,,568
OK,40119,Payne,83,25,31,685
OK,40121,Pittsburg,43,1973,33,1306
OK,40123,Pontotoc,38,322,0.4407,720
OK,40125,Pottawatomie,74,37,29,788
OK,40127,Pushmataha,11,,,1396
OK,40129,Roger Mills,3,15,8,1141
OK,40131,Rogers,100,6265,9,676
OK,40133,Seminole,24,853,0.3997,633
OK,40135,Sequoyah,40,139,57,674
OK,40137,Stephens,44,82,7,870
OK,40139,Texas,20,50,3,2041
OK,40141,Tillman,7,,,871
OK,40143,Tulsa,683,7402,1446,570
OK,40145,Wagoner,89,,32,562
OK,40147,Washington,54,0.0173,76,416
OK,40149,Washita,11,10,4,1003
OK,40151,Woods,9,127,10,1286
OK,40153,Woodward,20,957,50,1243
OR,41001,Baker,17,689,0.4748,3068
OR,41003,Benton,98,57,41,675
OR,41005,Clackamas,423,19,0.009,1871
OR,41007,Clatsop,41,278,28,828
OR,41009,Columbia,54,2246,1,659
OR,41011,Coos,64,,,1596
OR,41013,Crook,27,,23,2979
OR,41015,Curry,23,,,1628
OR,41017,Deschutes,209,65,70,3018
OR,41019,Douglas,112,,43,5036
OR,41021,Gilliam,2,4,226,1205
OR,41023,Grant,7,,,4528
OR,41025,Harney,7,,,10134
OR,41027,Hood River,24,,,522
OR,41029,Jackson,221,0.0004,54,2783
OR,41031,Jefferson,25,,,1782
OR,41033,Josephine,88,,,1639
OR,41035,Klamath,70,1393,4,5950
OR,41037,Lake,8,,,8139
OR,41039,Lane,381,103,25,4554
OR,41041,Lincoln,51,329,26,981
OR,41043,Linn,131,83,0.2933,2290
OR,41045,Malheur,32,75,0.0355,9888
OR,41047,Marion,347,82,1,1181
OR,41049,Morrow,12,2572,43,2031
OR,41051,Multnomah,790,134,68,431
OR,41053,Polk,90,,,741
OR,41055,Sherman,2,53,4,824
OR,41057,Tillamook,27,,,1103
OR,41059,Umatilla,80,2855,1,3215
OR,41061,Union,26,,,2037
OR,41063,Wallowa,8,,,3146
OR,41065,Wasco,26,0.0002,103,2381
OR,41067,Washington,599,109,0.0512,724
OR,41069,Wheeler,1,,,1716
OR,41071,Yamhill,109,68,43,716
PA,42001,Adams,107,2182,1,519
PA,42003,Allegheny,1225,8231,945,730
PA,42005,Armstrong,64,7841,40,653
PA,42007,Beaver,166,272,0.1143,435
PA,42009,Bedford,47,0.0922,9,1012
PA,42011,Berks,433,3956,236,856
PA,42013,Blair,120,60,0.125,525
PA,42015,Bradford,60,2696,79,1147
PA,42017,Bucks,646,3022,210,604
PA,42019,Butler,198,856,171,789
PA,42021,Cambria,131,3998,24,688
PA,42023,Cameron,4,,,396
PA,42025,Carbon,65,312,1,381
PA,42027,Centre,158,1017,21,1107
PA,42029,Chester,550,149,153,751
PA,42031,Clarion,37,60,6,601
PA,42033,Clearfield,77,162,0.0775,1145
PA,42035,Clinton,38,350,102,890
PA,42037,Columbia,65,89,4,483
PA,42039,Crawford,82,76,0.0265,1012
PA,42041,Cumberland,271,248,63,545
PA,42043,Dauphin,289,351,7,525
PA,42045,Delaware,577,5778,12,184
PA,42047,Elk,30,198,38,827
PA,42049,Erie,268,2,165,799
PA,42051,Fayette,124,1920,26,791
PA,42053,Forest,6,40,4,427
PA,42055,Franklin,158,150,84,772
PA,42057,Fulton,14,,,438
PA,42059,Greene,34,172,5516,576
PA,42061,Huntingdon,44,35,3,875
PA,42063,Indiana,83,14326,511,827
PA,42065,Jefferson,44,192,131,652
PA,42067,Juniata,23,69,11,391
PA,42069,Lackawanna,216,3779,102,459
PA,42071,Lancaster,559,403,50,944
PA,42073,Lawrence,84,2667,1,357
PA,42075,Lebanon,144,1754,12,362
PA,42077,Lehigh,378,374,1,345
PA,42079,Luzerne,327,2872,7,890
PA,42081,Lycoming,113,2284,239,1229
PA,42083,McKean,40,488,31,980
PA,42085,Mercer,109,472,524,673
PA,42087,Mifflin,46,61,0.0262,411
PA,42089,Monroe,166,69,0.0325,608
PA,42091,Montgomery,869,212,8,483
PA,42093,Montour,18,1186,0.3665,130
PA,42095,Northampton,319,5548,170,370
PA,42097,Northumberland,90,33,0.0155,458
PA,42099,Perry,46,89,2,551
PA,42101,Philadelphia,1551,1042,259,134
PA,42103,Pike,61,29,0.4085,545
PA,42105,Potter,16,141,52,1081
PA,42107,Schuylkill,144,2333,1,779
PA,42109,Snyder,40,2828,1,329
PA,42111,Somerset,72,40,59,1075
PA,42113,Sullivan,6,31,0.0145,450
PA,42115,Susquehanna,38,520,58,823
PA,42117,Tioga,41,266,76,1134
PA,42119,Union,42,75,0.0355,316
PA,42121,Venango,49,545,2,674
PA,42123,Warren,38,741,61,884
PA,42125,Washington,210,2263,2578,857
PA,42127,Wayne,51,,,726
PA,42129,Westmoreland,351,2872,123,1028
PA,42131,Wyoming,26,706,13,397
PA,42133,York,465,6429,96,904
RI,44001,Bristol,50,,,24
RI,44003,Kent,171,,,169
RI,44005,Newport,84,582,0.2697,102
RI,44007,Providence,661,2936,151,409
RI,44009,Washington,130,104,0.0485,329
SC,45001,Abbeville,24,,,491
SC,45003,Aiken,177,1156,115,1071
SC,45005,Allendale,7,2,0.102,408
SC,45007,Anderson,213,4751,365,714
SC,45009,Bamberg,13,,,393
SC,45011,Barnwell,20,118,0.0025,548
SC,45013,Beaufort,199,18,0.009,576
SC,45015,Berkeley,255,11100,88,1104
SC,45017,Calhoun,14,1314,1,381
SC,45019,Charleston,424,514,237,918
SC,45021,Cherokee,57,594,1,393
SC,45023,Chester,32,129,0.042,581
SC,45025,Chesterfield,44,,,799
SC,45027,Clarendon,31,,,607
SC,45029,Colleton,39,,,1056
SC,45031,Darlington,62,243,10,561
SC,45033,Dillon,28,,,405
SC,45035,Dorchester,170,1237,58,568
SC,45037,Edgefield,28,,,501
SC,45039,Fairfield,20,,,686
SC,45041,Florence,137,264,25,801
SC,45043,Georgetown,66,3644,92,814
SC,45045,Greenville,558,47,88,786
SC,45047,Greenwood,69,71,0.038,456
SC,45049,Hampton,18,,,560
SC,45051,Horry,397,0,229,1133
SC,45053,Jasper,34,1851,23,655
SC,45055,Kershaw,70,67,0.0315,727
SC,45057,Lancaster,108,,,549
SC,45059,Laurens,69,,,713
SC,45061,Lee,16,,77,410
SC,45063,Lexington,310,689,45,699
SC,45065,McCormick,10,,,359
SC,45067,Marion,29,,,489
SC,45069,Marlboro,26,161,1,480
SC,45071,Newberry,39,,,630
SC,45073,Oconee,81,,53,627
SC,45075,Orangeburg,83,2422,3,1106
SC,45077,Pickens,135,41,0.02,497
SC,45079,Richland,425,1691,163,757
SC,45081,Saluda,19,8,0.0083,453
SC,45083,Spartanburg,357,187,94,808
SC,45085,Sumter,104,30,0.0152,665
SC,45087,Union,27,0.0022,104,514
SC,45089,Williamsburg,30,203,6,934
SC,45091,York,298,171,37,681
SD,46003,Aurora,3,,,708
SD,46005,Beadle,20,54,0.0255,1259
SD,46007,Bennett,3,,,1185
SD,46009,Bon Homme,7,16,0.0075,564
SD,46011,Brookings,36,493,38,792
SD,46013,Brown,38,211,53,1713
SD,46015,Brule,5,,,817
SD,46017,Buffalo,2,,,471
SD,46019,Butte,11,77,0.1085,2250
SD,46021,Campbell,1,,,734
SD,46023,Charles Mix,9,,,1097
SD,46025,Clark,4,107,0.1953,958
SD,46027,Clay,15,0.0536,31,412
SD,46029,Codington,29,253,37,688
SD,46031,Corson,4,,,2470
SD,46033,Custer,9,,,1557
SD,46035,Davison,20,106,0.05,436
SD,46037,Day,5,,,1028
SD,46039,Deuel,4,,,623
SD,46041,Dewey,5,,,2302
SD,46043,Douglas,3,,,432
SD,46045,Edmunds,4,294,1,1126
SD,46047,Fall River,7,,,1740
SD,46049,Faulk,2,,,982
SD,46051,Grant,8,1972,5,681
SD,46053,Gregory,4,,,1015
SD,46055,Haakon,2,,,1811
SD,46057,Hamlin,6,145,1,507
SD,46059,Hand,3,,,1437
SD,46061,Hanson,3,,,435
SD,46063,Harding,1,,,2672
SD,46065,Hughes,18,,,742
SD,46067,Hutchinson,7,,,813
SD,46069,Hyde,1,,,861
SD,46071,Jackson,3,,,1864
SD,46073,Jerauld,2,,,526
SD,46075,Jones,1,,,970
SD,46077,Kingsbury,5,,,832
SD,46079,Lake,11,99,0.0467,563
SD,46081,Lawrence,28,,,800
SD,46083,Lincoln,73,105,0.0493,577
SD,46085,Lyman,4,,,1642
SD,46087,McCook,6,,,574
SD,46089,McPherson,2,,,1137
SD,46091,Marshall,4,,,838
SD,46093,Meade,31,,,3471
SD,46095,Mellette,2,,,1307
SD,46097,Miner,2,,,570
SD,46099,Minnehaha,207,57,99,807
SD,46101,Moody,6,,,519
SD,46102,Oglala Lakota,13,,,2094
SD,46103,Pennington,116,945,45,2777
SD,46105,Perkins,3,,,2870
SD,46107,Potter,2,,,861
SD,46109,Roberts,10,46,0.0215,1101
SD,46111,Sanborn,2,,,569
SD,46113,Oglala Lakota,13,,,
SD,46115,Spink,6,75,0.0355,1504
SD,46117,Stanley,3,,,1444
SD,46119,Sully,1,0.0868,0.0022,1007
SD,46121,Todd,9,,,1389
SD,46123,Tripp,6,,,1612
SD,46125,Turner,9,262,0.496,617
SD,46127,Union,17,,,461
SD,46129,Walworth,5,,,707
SD,46135,Yankton,24,31,0.0147,521
SD,46137,Ziebach,2,,,1961
TN,47001,Anderson,80,904,3,337
TN,47003,Bedford,53,10,0.0047,474
TN,47005,Benton,16,0.1523,75,394
TN,47007,Bledsoe,15,,,407
TN,47009,Blount,141,204,85,559
TN,47011,Bradley,112,84,65,329
TN,47013,Campbell,40,6,0.0027,480
TN,47015,Cannon,15,,,266
TN,47017,Carroll,29,102,0.048,598
TN,47019,Carter,57,,,341
TN,47021,Cheatham,42,,,302
TN,47023,Chester,18,,,286
TN,47025,Claiborne,33,,,435
TN,47027,Clay,8,,,237
TN,47029,Cocke,37,30,0.014,436
TN,47031,Coffee,61,0.0041,29,429
TN,47033,Crockett,14,,,266
TN,47035,Cumberland,65,41,0.0198,681
TN,47037,Davidson,712,511,61,503
TN,47039,Decatur,12,,84,334
TN,47041,DeKalb,21,0.022,17,304
TN,47043,Dickson,57,79,0.0372,490
TN,47045,Dyer,36,0.2831,1,512
TN,47047,Fayette,44,,,704
TN,47049,Fentress,20,,,499
TN,47051,Franklin,45,,9,554
TN,47053,Gibson,51,3,14,603
TN,47055,Giles,31,,6,611
TN,47057,Grainger,25,,,281
TN,47059,Greene,73,135,0.0305,622
TN,47061,Grundy,14,,,360
TN,47063,Hamblen,66,,,161
TN,47065,Hamilton,380,821,130,542
TN,47067,Hancock,7,,,222
TN,47069,Hardeman,26,21,13,668
TN,47071,Hardin,27,314,28,577
TN,47073,Hawkins,59,1942,31,487
TN,47075,Haywood,17,1374,2,533
TN,47077,Henderson,28,,,520
TN,47079,Henry,33,29,6,562
TN,47081,Hickman,26,67,19,612
TN,47083,Houston,8,,,200
TN,47085,Humphreys,19,961,122,531
TN,47087,Jackson,12,,,309
TN,47089,Jefferson,58,,,275
TN,47091,Johnson,18,,,298
TN,47093,Knox,501,584,41,508
TN,47095,Lake,6,,,166
TN,47097,Lauderdale,25,,,472
TN,47099,Lawrence,46,,14,617
TN,47101,Lewis,13,93,1,282
TN,47103,Lincoln,36,0.0019,2,570
TN,47105,Loudon,61,468,160,229
TN,47107,McMinn,56,557,240,430
TN,47109,McNairy,26,,,563
TN,47111,Macon,27,102,5,307
TN,47113,Madison,99,202,35,557
TN,47115,Marion,29,,47,498
TN,47117,Marshall,37,0.3889,22,375
TN,47119,Maury,111,114,11,613
TN,47121,Meigs,14,,,195
TN,47123,Monroe,49,,,636
TN,47125,Montgomery,240,80,145,539
TN,47127,Moore,7,50,0.0395,129
TN,47129,Morgan,22,,,522
TN,47131,Obion,30,184,43,545
TN,47133,Overton,23,,,433
TN,47135,Perry,9,2,1,415
TN,47137,Pickett,5,,,163
TN,47139,Polk,18,,,435
TN,47141,Putnam,84,,,401
TN,47143,Rhea,34,,224,315
TN,47145,Roane,56,3288,9,361
TN,47147,Robertson,77,,,476
TN,47149,Rutherford,367,126,87,619
TN,47151,Scott,22,,31,532
TN,47153,Sequatchie,17,,,266
TN,47155,Sevier,99,,,593
TN,47157,Shelby,910,3245,259,761
TN,47159,Smith,21,33,0.0155,314
TN,47161,Stewart,14,10723,31,460
TN,47163,Sullivan,162,0.1615,65,414
TN,47165,Sumner,208,4354,27,529
TN,47167,Tipton,62,2,8,456
TN,47169,Trousdale,12,13,4,114
TN,47171,Unicoi,18,,,186
TN,47173,Union,21,206,0.254,224
TN,47175,Van Buren,6,,,273
TN,47177,Warren,43,27,0.013,433
TN,47179,Washington,138,0.2092,32,327
TN,47181,Wayne,16,66,5,734
TN,47183,Weakley,33,371,0.172,580
TN,47185,White,29,,,377
TN,47187,Williamson,264,,21,583
TN,47189,Wilson,164,0.0013,1,571
TX,48001,Anderson,58,89,22,1063
TX,48003,Andrews,19,100,6,1501
TX,48005,Angelina,87,95,106,798
TX,48007,Aransas,25,,,252
TX,48009,Archer,9,,,903
TX,48011,Armstrong,2,5,3,909
TX,48013,Atascosa,52,2341,7,1220
TX,48015,Austin,32,,,646
TX,48017,Bailey,7,,,827
TX,48019,Bandera,23,34,6,791
TX,48021,Bastrop,111,1977,1,888
TX,48023,Baylor,3,,,867
TX,48025,Bee,31,431,70,880
TX,48027,Bell,393,2516,138,1054
TX,48029,Bexar,2088,14528,1495,1240
TX,48031,Blanco,13,,,709
TX,48033,Borden,1,0,9,897
TX,48035,Bosque,19,563,0.2117,983
TX,48037,Bowie,92,47,42,885
TX,48039,Brazoria,399,12325,169,1363
TX,48041,Brazos,245,136,105,586
TX,48043,Brewster,10,19,12,6184
TX,48045,Briscoe,1,,,900
TX,48047,Brooks,7,21,1,943
TX,48049,Brown,39,75,0.0355,944
TX,48051,Burleson,19,,,659
TX,48053,Burnet,54,1444,1,995
TX,48055,Caldwell,50,48,40,545
TX,48057,Calhoun,20,7049,48,507
TX,48059,Callahan,14,,,899
TX,48061,Cameron,427,49,119,892
TX,48063,Camp,13,0.1234,0.1705,196
TX,48065,Carson,6,17,0.0083,920
TX,48067,Cass,29,381,18,937
TX,48069,Castro,7,,,894
TX,48071,Chambers,54,7231,15,597
TX,48073,Cherokee,52,201,121,1053
TX,48075,Childress,7,,,697
TX,48077,Clay,11,,,1089
TX,48079,Cochran,3,,,775
TX,48081,Coke,3,112,10,912
TX,48083,Coleman,8,,,1263
TX,48085,Collin,1195,780,786,841
TX,48087,Collingsworth,3,,,918
TX,48089,Colorado,21,547,43,960
TX,48091,Comal,194,2857,71,560
TX,48093,Comanche,14,,,938
TX,48095,Concho,3,,,984
TX,48097,Cooke,44,23,3,875
TX,48099,Coryell,85,,,1052
TX,48101,Cottle,1,,,901
TX,48103,Crane,5,218,11,785
TX,48105,Crockett,3,201,11,2807
TX,48107,Crosby,5,,,900
TX,48109,Culberson,2,753,52,3812
TX,48111,Dallam,7,44,0.0235,1503
TX,48113,Dallas,2606,10165,5455,873
TX,48115,Dawson,12,18,5,900
TX,48117,Deaf Smith,18,215,0.101,1497
TX,48119,Delta,6,,,257
TX,48121,Denton,1008,451,516,879
TX,48123,DeWitt,20,81,5,909
TX,48125,Dickens,2,,,902
TX,48127,Dimmit,8,154,1,1329
TX,48129,Donley,3,,,927
TX,48131,Duval,10,187,24,1793
TX,48133,Eastland,18,41,4,927
TX,48135,Ector,164,2483,151,898
TX,48137,Edwards,1,,,2118
TX,48139,Ellis,223,5647,176,936
TX,48141,El Paso,870,2802,501,1013
TX,48143,Erath,44,,,1083
TX,48145,Falls,17,,,766
TX,48147,Fannin,38,0.0016,1,891
TX,48149,Fayette,25,11198,55,950
TX,48151,Fisher,4,42,0.0198,899
TX,48153,Floyd,5,,,992
TX,48155,Foard,1,,,704
TX,48157,Fort Bend,917,14907,597,862
TX,48159,Franklin,11,,,284
TX,48161,Freestone,20,2453,102,878
TX,48163,Frio,18,203,1,1134
TX,48165,Gaines,23,556,2,1502
TX,48167,Galveston,362,5170,140,379
TX,48169,Garza,5,,,893
TX,48171,Gillespie,28,,,1058
TX,48173,Glasscock,1,281,11,900
TX,48175,Goliad,7,3695,11,852
TX,48177,Gonzales,20,75,1,1067
TX,48179,Gray,21,71,34,926
TX,48181,Grayson,147,914,122,933
TX,48183,Gregg,126,300,83,273
TX,48185,Grimes,32,1071,123,787
TX,48187,Guadalupe,188,3759,2,711
TX,48189,Hale,32,399,0.1865,1005
TX,48191,Hall,3,,,883
TX,48193,Hamilton,9,,,836
TX,48195,Hansford,5,44,3,920
TX,48197,Hardeman,3,37,0.0175,695
TX,48199,Hardin,58,103,33,891
TX,48201,Harris,4835,78550,13058,1707
TX,48203,Harrison,71,6899,40,900
TX,48205,Hartley,5,,,1462
TX,48207,Haskell,5,,,903
TX,48209,Hays,280,2477,1,677
TX,48211,Hemphill,3,101,4,906
TX,48213,Henderson,86,134,12,874
TX,48215,Hidalgo,898,3279,210,1571
TX,48217,Hill,38,0.001,44,959
TX,48219,Hockley,21,141,1,908
TX,48221,Hood,68,3065,16,421
TX,48223,Hopkins,38,,,767
TX,48225,Houston,22,207,4,1231
TX,48227,Howard,31,1245,17,901
TX,48229,Hudspeth,3,558,6,4571
TX,48231,Hunt,113,24,145,840
TX,48233,Hutchinson,20,2359,14,887
TX,48235,Irion,2,29,2,1052
TX,48237,Jack,9,1658,122,911
TX,48239,Jackson,15,358,8,829
TX,48241,Jasper,33,513,116,939
TX,48243,Jeff Davis,2,,,2265
TX,48245,Jefferson,251,25458,547,877
TX,48247,Jim Hogg,5,,,1136
TX,48249,Jim Wells,39,600,20,865
TX,48251,Johnson,203,989,165,725
TX,48253,Jones,20,0.0104,33,929
TX,48255,Karnes,15,384,63,748
TX,48257,Kaufman,186,3633,2,781
TX,48259,Kendall,51,58,4,662
TX,48261,Kenedy,0.343,,,1459
TX,48263,Kent,1,94,1,903
TX,48265,Kerr,54,,7,1103
TX,48267,Kimble,4,59,4,1251
TX,48269,King,0.217,,,911
TX,48271,Kinney,3,,,1361
TX,48273,Kleberg,30,,,881
TX,48275,Knox,3,,,851
TX,48277,Lamar,51,2751,109,907
TX,48279,Lamb,13,2891,1,1016
TX,48281,Lampasas,23,,,713
TX,48283,La Salle,7,351,3,1487
TX,48285,Lavaca,21,1060,24,970
TX,48287,Lee,18,,,629
TX,48289,Leon,17,218,0.1373,1073
TX,48291,Liberty,108,,80,1158
TX,48293,Limestone,22,5932,24,905
TX,48295,Lipscomb,3,,,932
TX,48297,Live Oak,12,691,4,1040
TX,48299,Llano,23,,,934
TX,48301,Loving,0.043,510,124,669
TX,48303,Lubbock,321,63,190,896
TX,48305,Lynn,6,,,892
TX,48307,McCulloch,7,,,1066
TX,48309,McLennan,269,5609,229,1037
TX,48311,McMullen,1,163,2,1140
TX,48313,Madison,14,,,466
TX,48315,Marion,10,592,5,381
TX,48317,Martin,5,181,9,915
TX,48319,Mason,4,,,929
TX,48321,Matagorda,36,661,13,1093
TX,48323,Maverick,58,,,1279
TX,48325,Medina,55,,,1325
TX,48327,Menard,2,,,902
TX,48329,Midland,177,8856,3182,900
TX,48331,Milam,26,266,1,1016
TX,48333,Mills,5,,,748
TX,48335,Mitchell,9,53,0.0375,911
TX,48337,Montague,22,135,6,931
TX,48339,Montgomery,711,4226,623,1042
TX,48341,Moore,21,1730,26,900
TX,48343,Morris,12,0,0.004,252
TX,48345,Motley,1,,,990
TX,48347,Nacogdoches,65,152,79,946
TX,48349,Navarro,56,117,101,1010
TX,48351,Newton,12,2193,141,934
TX,48353,Nolan,14,866,7,912
TX,48355,Nueces,352,12972,253,839
TX,48357,Ochiltree,10,32,6,918
TX,48359,Oldham,2,,,1501
TX,48361,Orange,86,4161,57,334
TX,48363,Palo Pinto,30,180,2,953
TX,48365,Panola,23,434,39,811
TX,48367,Parker,173,114,46,904
TX,48369,Parmer,10,5,28,881
TX,48371,Pecos,15,429,23,4764
TX,48373,Polk,54,147,18,1057
TX,48375,Potter,115,5459,131,908
TX,48377,Presidio,6,,,3855
TX,48379,Rains,13,,,229
TX,48381,Randall,148,64,55,913
TX,48383,Reagan,3,122,0.0575,1175
TX,48385,Real,3,25,2,699
TX,48387,Red River,12,,,1044
TX,48389,Reeves,12,2483,104,2635
TX,48391,Refugio,7,0.2142,0.4353,770
TX,48393,Roberts,1,7,10,924
TX,48395,Robertson,17,15226,42,855
TX,48397,Rockwall,131,,,127
TX,48399,Runnels,10,,,1051
TX,48401,Rusk,53,14816,44,924
TX,48403,Sabine,10,,,492
TX,48405,San Augustine,8,,,531
TX,48407,San Jacinto,29,117,0.0542,569
TX,48409,San Patricio,71,6057,50,693
TX,48411,San Saba,6,,,1135
TX,48413,Schleicher,2,,,1311
TX,48415,Scurry,16,484,37,905
TX,48417,Shackelford,3,9,0.0693,914
TX,48419,Shelby,24,175,4,796
TX,48421,Sherman,3,,,923
TX,48423,Smith,245,1085,783,921
TX,48425,Somervell,10,,,186
TX,48427,Starr,66,42,4,1223
TX,48429,Stephens,9,,,897
TX,48431,Sterling,1,120,5,923
TX,48433,Stonewall,1,,,916
TX,48435,Sutton,3,84,11,1454
TX,48437,Swisher,7,,,890
TX,48439,Tarrant,2183,2678,1862,865
TX,48441,Taylor,147,,185,916
TX,48443,Terrell,1,48,37,2358
TX,48445,Terry,12,,,889
TX,48447,Throckmorton,2,,,913
TX,48449,Titus,31,4795,69,406
TX,48451,Tom Green,119,,28,1522
TX,48453,Travis,1335,2249,639,994
TX,48455,Trinity,14,,,694
TX,48457,Tyler,20,5,0.125,924
TX,48459,Upshur,43,,,583
TX,48461,Upton,3,1149,85,1241
TX,48463,Uvalde,25,,,1552
TX,48465,Val Verde,48,152,1,3145
TX,48467,Van Zandt,64,16,0.1735,843
TX,48469,Victoria,92,1365,13,882
TX,48471,Walker,81,1,1,784
TX,48473,Waller,64,57,3,513
TX,48475,Ward,11,368,16,836
TX,48477,Washington,37,77,22,604
TX,48479,Webb,269,255,187,3361
TX,48481,Wharton,42,3281,6,1086
TX,48483,Wheeler,5,139,27,915
TX,48485,Wichita,130,204,140,628
TX,48487,Wilbarger,13,1229,4,971
TX,48489,Willacy,20,,,591
TX,48491,Williamson,697,26,115,1116
TX,48493,Wilson,54,23,0.1995,804
TX,48495,Winkler,7,226,42,841
TX,48497,Wise,78,2148,54,904
TX,48499,Wood,48,172,3,645
TX,48501,Yoakum,7,971,358,800
TX,48503,Young,18,175,0.081,914
TX,48505,Zapata,14,0.0105,0.2707,998
TX,48507,Zavala,9,,,1297
UT,49001,Beaver,7,,,2583
UT,49003,Box Elder,63,320,38,5781
UT,49005,Cache,142,27,61,1165
UT,49007,Carbon,21,576,36,1479
UT,49009,Daggett,1,41,5,697
UT,49011,Davis,373,983,107,325
UT,49013,Duchesne,20,285,91,3236
UT,49015,Emery,10,15370,45,4463
UT,49017,Garfield,5,,,5180
UT,49019,Grand,10,,,3673
UT,49021,Iron,64,,,3296
UT,49023,Juab,13,1681,1,3392
UT,49025,Kane,8,,,3994
UT,49027,Millard,13,7611,21,6785
UT,49029,Morgan,13,739,1,609
UT,49031,Piute,2,,,758
UT,49033,Rich,3,,,1029
UT,49035,Salt Lake,1186,1686,692,753
UT,49037,San Juan,14,45,1,7824
UT,49039,Sanpete,30,,,1590
UT,49041,Sevier,22,,,1910
UT,49043,Summit,43,38,0.1105,1871
UT,49045,Tooele,82,256,130,7040
UT,49047,Uintah,38,3136,177,4483
UT,49049,Utah,719,2926,108,2004
UT,49051,Wasatch,37,,,1177
UT,49053,Washington,202,182,13,2428
UT,49055,Wayne,3,,,2461
UT,49057,Weber,272,162,44,611
VT,50001,Addison,38,22,0.0103,766
VT,50003,Bennington,37,,,674
VT,50005,Caledonia,31,,,649
VT,50007,Chittenden,169,66,4,537
VT,50009,Essex,6,,,662
VT,50011,Franklin,51,35,0.0163,631
VT,50013,Grand Isle,7,,,82
VT,50015,Lamoille,26,,,461
VT,50017,Orange,30,,,687
VT,50019,Orleans,28,0.0597,51,695
VT,50021,Rutland,60,29,0.0143,931
VT,50023,Washington,60,0.0014,2,687
VT,50025,Windham,46,,,786
VT,50027,Windsor,58,,,969
VA,51001,Accomack,33,70,57,449
VA,51003,Albemarle,116,,13,720
VA,51005,Alleghany,15,1016,218,447
VA,51007,Amelia,13,1,100,355
VA,51009,Amherst,31,126,64,474
VA,51011,Appomattox,17,81,6,334
VA,51013,Arlington,234,,,26
VA,51015,Augusta,78,0.0358,99,967
VA,51017,Bath,4,,,529
VA,51019,Bedford,82,165,86,760
VA,51021,Bland,6,,,358
VA,51023,Botetourt,34,909,1,541
VA,51025,Brunswick,16,3289,62,566
VA,51027,Buchanan,19,655,1336,503
VA,51029,Buckingham,17,1209,1,580
VA,51031,Campbell,55,30,35,503
VA,51033,Caroline,33,277,0.1462,527
VA,51035,Carroll,29,0.0064,39,475
VA,51036,Charles City,7,0.1328,72,183
VA,51037,Charlotte,11,,,475
VA,51041,Chesterfield,384,1972,108,424
VA,51043,Clarke,15,,,176
VA,51045,Craig,5,,,328
VA,51047,Culpeper,55,,,379
VA,51049,Cumberland,10,,,297
VA,51051,Dickenson,14,32,0.0943,330
VA,51053,Dinwiddie,28,140,0.0425,504
VA,51057,Essex,11,,,257
VA,51059,Fairfax,1142,340,212,391
VA,51061,Fauquier,75,656,0.3123,648
VA,51063,Floyd,16,,,381
VA,51065,Fluvanna,28,1403,1,287
VA,51067,Franklin,56,,59,691
VA,51069,Frederick,96,255,55,413
VA,51071,Giles,16,974,33,357
VA,51073,Gloucester,40,0.07,84,218
VA,51075,Goochland,27,,,282
VA,51077,Grayson,15,,,442
VA,51079,Greene,21,,,156
VA,51081,Greensville,11,4052,2,295
VA,51083,Halifax,33,955,3,818
VA,51085,Hanover,114,2283,1,468
VA,51087,Henrico,335,,73,234
VA,51089,Henry,50,,,382
VA,51091,Highland,2,,,415
VA,51093,Isle of Wight,41,96,108,316
VA,51095,James City,83,93,0.0362,142
VA,51097,King and Queen,7,0.002,109,315
VA,51099,King George,29,95,247,180
VA,51101,King William,19,547,103,274
VA,51103,Lancaster,11,,,133
VA,51105,Lee,22,0.0001,48,435
VA,51107,Loudoun,436,1924,40,516
VA,51109,Louisa,41,744,0.3538,495
VA,51111,Lunenburg,12,25,79,432
VA,51113,Madison,14,,,321
VA,51115,Mathews,9,,,86
VA,51117,Mecklenburg,31,68,41,625
VA,51119,Middlesex,11,,,130
VA,51121,Montgomery,99,30,0.0143,387
VA,51125,Nelson,15,,,471
VA,51127,New Kent,26,,,210
VA,51131,Northampton,12,,,212
VA,51133,Northumberland,12,,,191
VA,51135,Nottoway,16,,,314
VA,51137,Orange,39,80,34,341
VA,51139,Page,24,0.0153,61,310
VA,51141,Patrick,18,,,483
VA,51143,Pittsylvania,60,216,7,969
VA,51145,Powhatan,32,,,260
VA,51147,Prince Edward,22,,,350
VA,51149,Prince George,43,,,265
VA,51153,Prince William,490,928,8,335
VA,51155,Pulaski,34,27,39,320
VA,51157,Rappahannock,7,,,266
VA,51159,Richmond,9,,,191
VA,51161,Roanoke,97,,21,251
VA,51163,Rockbridge,22,0.0001,46,597
VA,51165,Rockingham,87,97,15,850
VA,51167,Russell,25,91,0.0423,474
VA,51169,Scott,21,,,536
VA,51171,Shenandoah,45,0,0.156,508
VA,51173,Smyth,29,,,451
VA,51175,Southampton,18,0,1,599
VA,51177,Spotsylvania,150,0.0234,72,402
VA,51179,Stafford,165,0.0303,22,269
VA,51181,Surry,7,57,0.0338,279
VA,51183,Sussex,11,1,137,490
VA,51185,Tazewell,39,,61,519
VA,51187,Warren,42,2664,1,215
VA,51191,Washington,54,37,0.0175,561
VA,51193,Westmoreland,19,,,229
VA,51195,Wise,35,868,1059,403
VA,51197,Wythe,28,13,1,462
VA,51199,York,71,45,0.036,105
VA,51510,Alexandria,155,113,3,15
VA,51520,Bristol,17,,117,13
VA,51530,Buena Vista,7,,,6
VA,51540,Charlottesville,45,71,2,10
VA,51550,Chesapeake,254,64,0.0375,338
VA,51570,Colonial Heights,18,,,8
VA,51580,Covington,6,34,0.0163,5
VA,51590,Danville,42,66,0.0312,43
VA,51595,Emporia,5,,,7
VA,51600,Fairfax,25,,,6
VA,51610,Falls Church,15,,,2
VA,51620,Franklin,8,,,8
VA,51630,Fredericksburg,29,,,10
VA,51640,Galax,7,,,8
VA,51650,Hampton,137,23,51,51
VA,51660,Harrisonburg,51,30,0.0143,17
VA,51670,Hopewell,23,1879,1,10
VA,51678,Lexington,8,,,2
VA,51680,Lynchburg,80,34,0.016,49
VA,51683,Manassas,43,28,0.0132,10
VA,51685,Manassas Park,16,,,3
VA,51690,Martinsville,14,,,11
VA,51700,Newport News,183,83,0.0418,69
VA,51710,Norfolk,231,119,46,53
VA,51720,Norton,3,,,7
VA,51730,Petersburg,33,,116,23
VA,51735,Poquoson,13,,,15
VA,51740,Portsmouth,97,163,4,33
VA,51750,Radford,17,,,10
VA,51760,Richmond,229,362,0.1683,60
VA,51770,Roanoke,97,100,0.023,43
VA,51775,Salem,26,,101,15
VA,51790,Staunton,26,,,20
VA,51800,Suffolk,101,,,399
VA,51810,Virginia Beach,454,0.0049,15,245
VA,51820,Waynesboro,23,29,0.0138,15
VA,51830,Williamsburg,16,,,9
VA,51840,Winchester,28,,,9
WA,53001,Adams,21,90,92,1925
WA,53003,Asotin,23,0.0003,0.0288,636
WA,53005,Benton,215,72,84,1700
WA,53007,Chelan,80,0,0.0005,2921
WA,53009,Clallam,78,,,1739
WA,53011,Clark,521,810,8,628
WA,53013,Columbia,4,89,2,869
WA,53015,Cowlitz,113,1456,307,1141
WA,53017,Douglas,45,,50,1819
WA,53019,Ferry,7,,,2203
WA,53021,Franklin,99,73,0.0343,1242
WA,53023,Garfield,2,,,711
WA,53025,Grant,103,89,51,2680
WA,53027,Grays Harbor,77,1415,3,1901
WA,53029,Island,86,,,208
WA,53031,Jefferson,34,90,2,1804
WA,53033,King,2271,761,309,2116
WA,53035,Kitsap,278,43,1,395
WA,53037,Kittitas,46,,,2297
WA,53039,Klickitat,24,779,250,1872
WA,53041,Lewis,86,4503,15,2403
WA,53043,Lincoln,12,,,2311
WA,53045,Mason,68,0.2909,0.1593,960
WA,53047,Okanogan,44,,,5266
WA,53049,Pacific,24,,,933
WA,53051,Pend Oreille,14,,,1400
WA,53053,Pierce,929,995,123,1668
WA,53055,San Juan,19,,,174
WA,53057,Skagit,131,3495,9,1730
WA,53059,Skamania,13,14,2,1658
WA,53061,Snohomish,845,68,6,2087
WA,53063,Spokane,551,330,3,1764
WA,53065,Stevens,49,2,9,2477
WA,53067,Thurston,299,,,722
WA,53069,Wahkiakum,5,,,263
WA,53071,Walla Walla,62,347,99,1270
WA,53073,Whatcom,232,4322,23,2108
WA,53075,Whitman,48,62,0.0295,2159
WA,53077,Yakima,257,39,170,4295
WV,54001,Barbour,15,,613,341
WV,54003,Berkeley,132,965,20,321
WV,54005,Boone,21,0,90,502
WV,54007,Braxton,12,1,5,511
WV,54009,Brooke,21,273,0.0765,89
WV,54011,Cabell,92,87,0.041,281
WV,54013,Calhoun,6,,,279
WV,54015,Clay,8,,,342
WV,54017,Doddridge,8,389,13,320
WV,54019,Fayette,39,523,3,662
WV,54021,Gilmer,7,59,6,338
WV,54023,Grant,11,5340,16,477
WV,54025,Greenbrier,32,,,1020
WV,54027,Hampshire,24,,,640
WV,54029,Hancock,28,351,1,83
WV,54031,Hardy,14,112,8,582
WV,54033,Harrison,65,10977,235,416
WV,54035,Jackson,28,119,0.056,464
WV,54037,Jefferson,60,,,209
WV,54039,Kanawha,175,396,549,902
WV,54041,Lewis,16,22,5,387
WV,54043,Lincoln,20,,,437
WV,54045,Logan,31,0.026,508,453
WV,54047,McDowell,17,0,53,533
WV,54049,Marion,56,859,2079,309
WV,54051,Marshall,29,6110,2816,305
WV,54053,Mason,25,6828,22,431
WV,54055,Mercer,58,,95,419
WV,54057,Mineral,27,23,0.0103,328
WV,54059,Mingo,22,0,202,423
WV,54061,Monongalia,108,9802,76,360
WV,54063,Monroe,12,,,473
WV,54065,Morgan,18,,,229
WV,54067,Nicholas,24,,,647
WV,54069,Ohio,41,103,686,106
WV,54071,Pendleton,6,363,3,696
WV,54073,Pleasants,7,8152,2,130
WV,54075,Pocahontas,8,,,940
WV,54077,Preston,34,6,1,649
WV,54079,Putnam,57,11437,142,346
WV,54081,Raleigh,72,0.094,1005,605
WV,54083,Randolph,27,65,5,1040
WV,54085,Ritchie,8,141,4,452
WV,54087,Roane,14,,,484
WV,54089,Summers,12,,,361
WV,54091,Taylor,16,0.0073,279,173
WV,54093,Tucker,7,,27,419
WV,54095,Tyler,8,34,0.0168,256
WV,54097,Upshur,24,109,1,355
WV,54099,Wayne,38,512,7,506
WV,54101,Webster,8,,,553
WV,54103,Wetzel,14,212,8,358
WV,54105,Wirt,5,,,233
WV,54107,Wood,83,161,89,366
WV,54109,Wyoming,20,18,54,499
WI,55001,Adams,21,,,646
WI,55003,Ashland,16,17,1,1045
WI,55005,Barron,47,,,863
WI,55007,Bayfield,17,0.1909,3,1478
WI,55009,Brown,271,1091,196,530
WI,55011,Buffalo,13,1947,1,676
WI,55013,Burnett,17,,,822
WI,55015,Calumet,53,0.0113,47,318
WI,55017,Chippewa,67,119,0.0575,1008
WI,55019,Clark,35,32,0.426,1210
WI,55021,Columbia,58,6649,2,766
WI,55023,Crawford,16,,,571
WI,55025,Dane,575,620,56,1196
WI,55027,Dodge,88,61,50,876
WI,55029,Door,31,,,482
WI,55031,Douglas,44,486,67,1304
WI,55033,Dunn,46,305,0.1315,850
WI,55035,Eau Claire,108,25,24,638
WI,55037,Florence,5,,,488
WI,55039,Fond du Lac,104,393,0.2725,720
WI,55041,Forest,9,,,1014
WI,55043,Grant,51,2439,1,1147
WI,55045,Green,37,107,0.0698,584
WI,55047,Green Lake,19,1,22,350
WI,55049,Iowa,24,,,763
WI,55051,Iron,6,,,758
WI,55053,Jackson,21,2,0.0008,988
WI,55055,Jefferson,86,509,34,556
WI,55057,Juneau,27,129,0.061,767
WI,55059,Kenosha,167,116,23,272
WI,55061,Kewaunee,21,,,342
WI,55063,La Crosse,120,48,58,452
WI,55065,Lafayette,17,,,634
WI,55067,Langlade,19,,,871
WI,55069,Lincoln,28,131,17,879
WI,55071,Manitowoc,81,411,22,589
WI,55073,Marathon,139,4446,41,1545
WI,55075,Marinette,42,131,0.0615,1399
WI,55077,Marquette,16,,,456
WI,55078,Menominee,4,,,358
WI,55079,Milwaukee,916,12458,85,241
WI,55081,Monroe,46,,,901
WI,55083,Oconto,40,32,0.015,997
WI,55085,Oneida,38,195,0.3917,1114
WI,55087,Outagamie,193,2243,104,638
WI,55089,Ozaukee,93,2791,1,233
WI,55091,Pepin,7,,,232
WI,55093,Pierce,43,,,574
WI,55095,Polk,46,,,914
WI,55097,Portage,71,185,25,801
WI,55099,Price,14,0.1253,0.0085,1254
WI,55101,Racine,197,103,13,333
WI,55103,Richland,17,,,586
WI,55105,Rock,164,2064,1,718
WI,55107,Rusk,14,29,19,914
WI,55109,St. Croix,97,,,722
WI,55111,Sauk,66,49,0.1025,832
WI,55113,Sawyer,19,,,1258
WI,55115,Shawano,41,36,0.0175,893
WI,55117,Sheboygan,118,277,13,512
WI,55119,Taylor,20,,,975
WI,55121,Trempealeau,31,,,733
WI,55123,Vernon,31,424,0.1113,792
WI,55125,Vilas,24,,,858
WI,55127,Walworth,106,21,106,555
WI,55129,Washburn,17,0.0276,13,797
WI,55131,Washington,138,32,0.0257,431
WI,55133,Waukesha,413,7,67,550
WI,55135,Waupaca,51,256,1,748
WI,55137,Waushara,25,,,626
WI,55139,Winnebago,172,523,24,435
WI,55141,Wood,74,626,140,793
WY,56001,Albany,38,10422,28,4274
WY,56003,Big Horn,12,120,0.1487,3137
WY,56005,Campbell,47,8546,102,4802
WY,56007,Carbon,14,1107,7,7898
WY,56009,Converse,14,4345,26,4255
WY,56011,Crook,8,,,2854
WY,56013,Fremont,40,831,15,9184
WY,56015,Goshen,13,16,10,2226
WY,56017,Hot Springs,5,,,2004
WY,56019,Johnson,9,1,0.0003,4154
WY,56021,Laramie,101,552,66,2686
WY,56023,Lincoln,21,6338,43,4075
WY,56025,Natrona,80,285,20,5341
WY,56027,Niobrara,2,,,2626
WY,56029,Park,31,235,0.246,6939
WY,56031,Platte,9,,,2081
WY,56033,Sheridan,33,301,179,2523
WY,56035,Sublette,9,0.0002,0.0505,4886
WY,56037,Sweetwater,41,17255,132,10427
WY,56039,Teton,23,,,3997
WY,56041,Uinta,21,232,7,2082
WY,56043,Washakie,8,33,0.019,2239
WY,56045,Weston,7,187,1,2398
PR,72001,Adjuntas,18,,,67
PR,72003,Aguada,38,,,31
PR,72005,Aguadilla,55,,,37
PR,72007,Aguas Buenas,24,,,30
PR,72009,Aibonito,25,,,31
PR,72011,Aasco,25,,,39
PR,72013,Arecibo,87,0.0265,112,126
PR,72015,Arroyo,16,,,15
PR,72017,Barceloneta,23,62,0.032,19
PR,72019,Barranquitas,29,,,34
PR,72021,Bayamn,184,0.1586,52,44
PR,72023,Cabo Rojo,47,0.0054,25,70
PR,72025,Caguas,127,,,59
PR,72027,Camuy,33,,,46
PR,72029,Canvanas,42,,,33
PR,72031,Carolina,154,22,0.0238,45
PR,72033,Catao,23,,,5
PR,72035,Cayey,42,,,52
PR,72037,Ceiba,11,1,0.001,29
PR,72039,Ciales,17,,,67
PR,72041,Cidra,40,,,36
PR,72043,Coamo,35,,,78
PR,72045,Comero,19,,,28
PR,72047,Corozal,34,,,43
PR,72049,Culebra,1,,,12
PR,72051,Dorado,36,0,0.0973,23
PR,72053,Fajardo,32,0.0126,73,30
PR,72054,Florida,12,,,15
PR,72055,Gunica,14,,,37
PR,72057,Guayama,36,5,0.006,65
PR,72059,Guayanilla,18,62,0.0305,42
PR,72061,Guaynabo,90,0.1931,51,28
PR,72063,Gurabo,41,,,28
PR,72065,Hatillo,38,,,42
PR,72067,Hormigueros,16,,,11
PR,72069,Humacao,51,,59,45
PR,72071,Isabela,43,,,55
PR,72073,Jayuya,15,,,45
PR,72075,Juana Daz,46,,,60
PR,72077,Juncos,37,41,0.042,26
PR,72079,Lajas,23,,,60
PR,72081,Lares,28,,,61
PR,72083,Las Maras,9,,,46
PR,72085,Las Piedras,35,,,34
PR,72087,Loza,24,,,19
PR,72089,Luquillo,18,,,26
PR,72091,Manat,39,,,45
PR,72093,Maricao,5,,,37
PR,72095,Maunabo,11,,,21
PR,72097,Mayagez,73,201,0.204,78
PR,72099,Moca,37,,,50
PR,72101,Morovis,29,,,39
PR,72103,Naguabo,23,,,52
PR,72105,Naranjito,29,,,27
PR,72107,Orocovis,21,,,64
PR,72109,Patillas,16,,,47
PR,72111,Peuelas,20,1354,1,45
PR,72113,Ponce,137,,54,115
PR,72115,Quebradillas,24,,,23
PR,72117,Rincn,15,,,14
PR,72119,Ro Grande,47,,,61
PR,72121,Sabana Grande,23,,,36
PR,72123,Salinas,26,3916,114,69
PR,72125,San Germn,32,,,54
PR,72127,San Juan,341,1943,2,48
PR,72129,San Lorenzo,38,,,53
PR,72131,San Sebastin,39,,,70
PR,72133,Santa Isabel,20,,,34
PR,72135,Toa Alta,67,0.0556,88,27
PR,72137,Toa Baja,75,2026,2,23
PR,72139,Trujillo Alto,67,,,21
PR,72141,Utuado,28,,,114
PR,72143,Vega Alta,35,,,28
PR,72145,Vega Baja,54,,,46
PR,72147,Vieques,8,,,51
PR,72149,Villalba,22,,,36
PR,72151,Yabucoa,30,,,55
PR,72153,Yauco,34,0.018,82,68
